date,ticker,avg_sentiment,tweet_count
01/01/2020,AAPL,0.2732,1
01/01/2020,AMZN,0.0,1
01/01/2020,TSLA,0.11197499999999999,4
01/02/2020,AAPL,0.26113333333333333,3
01/02/2020,AMZN,0.5499,1
01/02/2020,BABA,0.0,1
01/02/2020,TSLA,0.3182,1
01/03/2020,AAPL,0.4404,1
01/04/2020,AAPL,-0.2318,3
01/04/2020,BA,0.237,6
01/04/2020,CCL,0.19093333333333332,3
01/04/2020,DIS,-0.033062499999999995,8
01/04/2020,MSFT,0.0,2
01/04/2020,NVDA,0.0,1
01/04/2020,TSLA,-0.3592,2
01/05/2020,AAPL,0.28595,2
01/05/2020,AMZN,0.06636666666666667,6
01/05/2020,BA,0.4821,3
01/05/2020,BABA,0.0,1
01/05/2020,CCL,0.25920000000000004,3
01/05/2020,DIS,0.14886666666666667,3
01/05/2020,MSFT,0.0,1
01/05/2020,TSLA,0.07086666666666666,99
01/05/2020,XOM,0.1366,2
01/06/2020,AAPL,0.39185000000000003,2
01/06/2020,TSLA,-0.026542857142857146,7
01/07/2020,AMZN,0.40132500000000004,4
01/07/2020,BA,0.05896666666666666,9
01/07/2020,FB,-0.20095,2
01/07/2020,MSFT,-0.6808,1
01/07/2020,SBUX,0.4588,1
01/07/2020,TSLA,0.053239999999999996,5
01/08/2020,AAPL,0.23132000000000003,5
01/08/2020,AMZN,0.4939,1
01/08/2020,MSFT,0.4811666666666667,3
01/08/2020,WMT,0.5859,1
01/09/2020,AAPL,0.1540521739130435,23
01/09/2020,AMZN,0.5106,1
01/09/2020,BABA,0.0,1
01/09/2020,HD,0.0,1
01/09/2020,KO,0.0,1
01/09/2020,MSFT,0.5232,1
01/09/2020,NFLX,0.1998,3
01/09/2020,PFE,0.0,1
01/09/2020,TSLA,0.10679887640449438,89
01/09/2020,WMT,0.7157,2
01/10/2020,AAPL,0.2630571428571428,7
01/10/2020,AMZN,0.4215,1
01/10/2020,BA,-0.2749333333333333,3
01/10/2020,BABA,0.296,1
01/10/2020,DIS,0.1366,2
01/10/2020,NFLX,0.3182,1
01/10/2020,PFE,0.4572,1
01/10/2020,TSLA,0.1494909090909091,22
01/10/2020,WMT,0.0,1
01/10/2020,XOM,-0.6486,1
01/11/2020,AAPL,-0.3612,1
01/12/2020,AAPL,0.15176,10
01/12/2020,AMZN,0.50845,2
01/12/2020,BA,0.9001,1
01/12/2020,CCL,-0.6433,1
01/12/2020,FB,-0.0276,1
01/12/2020,NVDA,0.0,1
01/12/2020,PFE,0.10884,10
01/12/2020,PYPL,0.43116666666666664,3
01/12/2020,TSLA,-0.02795384615384615,13
02/01/2020,AAPL,0.376125,8
02/01/2020,DIS,0.0,1
02/01/2020,HD,-0.3321,1
02/01/2020,TSLA,-0.3291,1
02/02/2020,AAPL,-0.01815,2
02/03/2020,AAPL,0.2795814814814815,27
02/03/2020,AMZN,-0.1909,2
02/03/2020,BABA,0.27625,2
02/03/2020,DIS,0.3612,1
02/03/2020,HD,0.4404,1
02/03/2020,MSFT,0.10821666666666667,6
02/03/2020,TSLA,0.269721052631579,19
02/03/2020,V,-0.1896,3
02/04/2020,AAPL,-0.0797,4
02/04/2020,BA,-0.024312499999999987,8
02/04/2020,CCL,-0.18510000000000001,3
02/04/2020,DIS,-0.21364,5
02/04/2020,MSFT,-0.148,2
02/04/2020,NFLX,0.0,1
02/04/2020,NVDA,-0.3412,1
02/04/2020,SBUX,0.148,2
02/04/2020,TSLA,0.0851857142857143,28
02/04/2020,XOM,0.4404,1
02/05/2020,AMZN,-0.030149999999999982,2
02/05/2020,BA,-0.1531,1
02/05/2020,CCL,-0.0772,1
02/05/2020,DIS,0.0,1
02/05/2020,TSLA,0.13535,12
02/06/2020,AMZN,-0.1237,2
02/06/2020,BA,0.0,1
02/06/2020,BABA,0.36335,2
02/06/2020,CCL,0.4939,1
02/06/2020,FB,0.0,1
02/06/2020,HD,0.0,1
02/06/2020,KO,0.296,1
02/06/2020,MSFT,-0.0772,1
02/06/2020,NFLX,0.431,1
02/06/2020,TSLA,0.08970000000000002,7
02/07/2020,AAPL,0.575,2
02/07/2020,AMZN,0.33648,5
02/07/2020,BA,0.1886,2
02/07/2020,BABA,0.4588,1
02/07/2020,CCL,0.7832,1
02/07/2020,FB,0.08916666666666663,3
02/07/2020,MSFT,0.0,1
02/07/2020,NFLX,0.08934999999999998,2
02/07/2020,TSLA,0.08680555555555557,18
02/07/2020,V,0.4404,1
02/08/2020,AAPL,0.0,1
02/09/2020,AAPL,0.24958823529411767,17
02/09/2020,AMZN,-0.27115,2
02/09/2020,BA,0.0,1
02/09/2020,BAC,0.0,1
02/09/2020,CCL,-0.0516,1
02/09/2020,DIS,0.3612,1
02/09/2020,LOW,0.044799999999999986,3
02/09/2020,MSFT,0.0006500000000000025,6
02/09/2020,NFLX,0.34,1
02/09/2020,NVDA,0.15293333333333334,3
02/09/2020,PFE,0.0,1
02/09/2020,SBUX,0.0258,1
02/09/2020,TSLA,0.029844155844155843,77
02/09/2020,WMT,0.0903,4
02/09/2020,XOM,-0.0258,1
02/10/2020,AAPL,0.16176666666666664,12
02/10/2020,AMZN,0.2732,1
02/10/2020,BA,0.3592,2
02/10/2020,MSFT,-0.1072,2
02/10/2020,NVDA,0.4754,1
02/10/2020,TSLA,0.3213576923076923,26
02/10/2020,UPS,-0.4939,1
02/11/2020,AAPL,-0.13370909090909092,11
02/11/2020,PYPL,0.0,1
02/12/2020,AAPL,0.32746,5
02/12/2020,AMT,0.0,1
02/12/2020,AMZN,-0.2553,2
02/12/2020,BA,0.10708333333333332,6
02/12/2020,BABA,0.0,1
02/12/2020,CCL,0.0,1
02/12/2020,HD,0.4019,1
02/12/2020,NFLX,0.0,1
02/12/2020,NVDA,0.0772,1
02/12/2020,PFE,0.16438333333333333,6
02/12/2020,TSLA,-0.008106249999999999,16
03/01/2020,AAPL,0.10383333333333333,6
03/01/2020,AMZN,0.0,1
03/01/2020,GOOGL,0.4404,1
03/01/2020,NVDA,0.0,1
03/01/2020,TSLA,0.0373,6
03/02/2020,AAPL,0.11373333333333334,3
03/02/2020,DIS,0.42755,2
03/02/2020,GOOG,0.25,1
03/02/2020,GOOGL,-0.1531,1
03/02/2020,NKE,0.0,1
03/02/2020,TSLA,0.17697333333333332,15
03/03/2020,AAPL,0.06398333333333335,12
03/03/2020,AMZN,-0.02345999999999999,5
03/03/2020,BABA,-0.4019,1
03/03/2020,BAC,0.0,2
03/03/2020,DIS,0.3014,3
03/03/2020,GOOG,-0.7364,1
03/03/2020,GOOGL,-0.7506,1
03/03/2020,MA,0.0,1
03/03/2020,MSFT,0.0,2
03/03/2020,NVDA,0.0,1
03/03/2020,SBUX,0.296,1
03/03/2020,TSLA,0.2195725,40
03/03/2020,V,-0.34,1
03/03/2020,XOM,-0.3182,1
03/04/2020,AAPL,0.0,1
03/04/2020,BA,0.33313333333333334,3
03/04/2020,CCL,-0.17675,4
03/04/2020,DIS,0.0,1
03/04/2020,FB,0.4927,1
03/04/2020,NVDA,-0.3732,1
03/04/2020,SBUX,0.0,1
03/04/2020,TSLA,0.022952,25
03/04/2020,WMT,0.9362,1
03/05/2020,AAPL,0.5106,1
03/06/2020,AMZN,0.4572,1
03/06/2020,BA,0.29385,10
03/06/2020,BABA,0.41355,2
03/06/2020,DIS,0.3612,1
03/06/2020,FB,0.34,1
03/06/2020,HD,0.6369,1
03/06/2020,MSFT,0.4404,1
03/06/2020,PFE,0.0,1
03/06/2020,TSLA,-0.3049,6
03/06/2020,XOM,0.0,1
03/07/2020,TSLA,-0.07574,5
03/08/2020,AAPL,0.13574615384615385,13
03/08/2020,MSFT,0.0,2
03/09/2020,AAPL,0.1928086956521739,23
03/09/2020,BA,0.05172500000000001,4
03/09/2020,BAC,0.0,1
03/09/2020,FB,0.0,1
03/09/2020,LOW,-0.2732,1
03/09/2020,MSFT,0.004039999999999997,5
03/09/2020,NVDA,-0.008350000000000024,2
03/09/2020,TSLA,0.0453175925925926,108
03/09/2020,WMT,0.28744000000000003,5
03/10/2020,TSLA,-0.5106,1
03/11/2020,AAPL,0.3186333333333333,3
03/11/2020,BABA,0.21661999999999998,5
03/11/2020,PYPL,-0.25,1
03/11/2020,TSLA,0.4404,1
03/11/2020,WMT,0.6705,1
03/12/2020,AAPL,-0.06868571428571428,7
03/12/2020,AMZN,0.31915,4
03/12/2020,BA,0.14605714285714286,7
03/12/2020,BABA,0.296,1
03/12/2020,BAC,0.5423,1
03/12/2020,HD,0.0,1
03/12/2020,JNJ,0.0,2
03/12/2020,NFLX,0.2583,2
03/12/2020,NVDA,-0.2732,1
03/12/2020,PFE,0.2301375,8
03/12/2020,SBUX,0.2023,1
03/12/2020,TSLA,0.09449230769230768,13
04/01/2020,TSLA,-0.3182,1
04/02/2020,AAPL,0.0,1
04/02/2020,AMZN,-0.1591,2
04/02/2020,DIS,0.25180555555555556,18
04/02/2020,MSFT,0.0,1
04/02/2020,NFLX,0.0,2
04/02/2020,PYPL,0.3612,1
04/02/2020,TSLA,0.1834826086956522,46
04/02/2020,V,0.0,1
04/03/2020,AAPL,0.020824999999999996,8
04/03/2020,AMZN,0.0693,2
04/03/2020,BA,0.0,1
04/03/2020,BABA,0.0,1
04/03/2020,CCL,0.0,1
04/03/2020,DIS,-0.26335,2
04/03/2020,FB,0.0,1
04/03/2020,MSFT,0.2023,1
04/03/2020,NVDA,0.24695,2
04/03/2020,TSLA,0.050303125000000004,32
04/03/2020,UNH,0.4577,2
04/03/2020,V,0.0,2
04/04/2020,DIS,0.0,1
04/04/2020,MSFT,-0.5719,1
04/05/2020,BA,0.0,1
04/05/2020,CCL,0.0,1
04/05/2020,TSLA,-0.4215,1
04/06/2020,AAPL,-0.4215,1
04/06/2020,AMZN,0.5106,1
04/06/2020,BA,0.1333625,8
04/06/2020,BRK.B,-0.1779,1
04/06/2020,CCL,0.7003,1
04/06/2020,TSLA,0.001799999999999996,4
04/08/2020,AAPL,0.21572857142857144,7
04/08/2020,BA,0.5164333333333334,3
04/08/2020,BABA,-0.296,1
04/08/2020,BAC,0.0,1
04/08/2020,DIS,-0.10976,5
04/08/2020,MSFT,0.4592,3
04/08/2020,NFLX,0.3597,1
04/08/2020,PFE,0.0,1
04/08/2020,TSLA,0.11597500000000001,4
04/08/2020,V,0.0,1
04/08/2020,WMT,-0.0516,1
04/09/2020,AAPL,0.07353199999999999,25
04/09/2020,AMZN,0.7003,1
04/09/2020,BA,0.47090000000000004,3
04/09/2020,CCL,0.0,2
04/09/2020,TSLA,0.133656,75
04/09/2020,WMT,0.6249,1
04/10/2020,AAPL,-0.0784,4
04/11/2020,AAPL,0.11655,6
04/11/2020,AMZN,0.0,2
04/11/2020,BA,0.765,1
04/11/2020,CCL,-0.6418,1
04/11/2020,TSLA,-0.07702222222222223,9
04/12/2020,AAPL,-0.03839999999999999,3
04/12/2020,BA,0.2536333333333333,3
04/12/2020,BABA,0.2006,2
04/12/2020,CCL,0.5859,1
04/12/2020,FB,-0.1779,1
04/12/2020,JNJ,0.3612,1
04/12/2020,MSFT,-0.00535,2
04/12/2020,NKE,0.1154,1
04/12/2020,PFE,0.21246666666666666,3
04/12/2020,TSLA,0.07197058823529412,17
04/12/2020,V,0.3612,1
05/02/2020,AAPL,0.35795,2
05/02/2020,AMZN,0.222375,4
05/02/2020,BA,0.0,1
05/02/2020,DIS,0.029366666666666666,9
05/02/2020,FB,0.0,1
05/02/2020,MSFT,0.18946000000000002,5
05/02/2020,NFLX,0.6369,1
05/02/2020,TSLA,0.02890869565217392,46
05/03/2020,AAPL,0.04882222222222222,9
05/03/2020,AMZN,0.08205,4
05/03/2020,BA,0.03184,5
05/03/2020,BABA,0.0,1
05/03/2020,BAC,0.1591,2
05/03/2020,CCL,0.4215,1
05/03/2020,DIS,0.0,1
05/03/2020,FB,0.059325,4
05/03/2020,GOOG,0.0,1
05/03/2020,MA,0.4404,1
05/03/2020,MSFT,0.322225,4
05/03/2020,NFLX,0.3612,1
05/03/2020,NVDA,0.4579,2
05/03/2020,TSLA,-0.08958,15
05/03/2020,V,0.0,1
05/05/2020,AAPL,0.0,1
05/05/2020,AMZN,0.20095,2
05/05/2020,BA,0.11488749999999999,8
05/05/2020,CCL,0.21820000000000003,3
05/05/2020,DIS,0.1424777777777778,18
05/05/2020,FB,0.328525,4
05/05/2020,MSFT,-0.4019,1
05/05/2020,NFLX,0.49060000000000004,2
05/05/2020,NVDA,0.0,1
05/05/2020,PYPL,0.6249,1
05/05/2020,TSLA,-0.05682857142857144,7
05/05/2020,WMT,0.4215,1
05/06/2020,AAPL,-0.2732,1
05/06/2020,BA,0.12195,24
05/06/2020,CCL,0.1201,3
05/06/2020,JPM,0.8402,1
05/06/2020,TSLA,0.23835,2
05/06/2020,WMT,0.0847,1
05/08/2020,AAPL,0.17485,4
05/08/2020,AMZN,0.0,2
05/08/2020,BA,0.31227,10
05/08/2020,CCL,0.061850000000000016,2
05/08/2020,DIS,0.2838333333333333,3
05/08/2020,MSFT,-0.09866666666666667,3
05/08/2020,NKE,0.6814,1
05/08/2020,PFE,0.21315,2
05/08/2020,PYPL,0.4588,1
05/08/2020,TSLA,0.2677,4
05/08/2020,TSM,0.0,1
05/08/2020,UNH,0.6369,1
05/08/2020,WMT,-0.24285,2
05/09/2020,AAPL,0.2202,2
05/09/2020,MSFT,-0.5346,1
05/09/2020,TSLA,0.08663000000000001,10
05/10/2020,AAPL,-0.026816666666666666,6
05/10/2020,BA,0.2202,2
05/10/2020,TSLA,0.6808,1
05/11/2020,AAPL,0.0,2
05/11/2020,AMZN,0.5508,2
05/11/2020,BABA,0.02131111111111112,9
05/11/2020,TSLA,0.064,2
05/12/2020,TSLA,-0.0077333333333333325,3
06/01/2020,AAPL,0.7793,2
06/01/2020,AMZN,0.4404,1
06/01/2020,NFLX,0.0,1
06/01/2020,TSLA,0.2632,4
06/02/2020,AAPL,-0.07244999999999999,2
06/02/2020,AMZN,0.0,4
06/02/2020,BA,0.6369,1
06/02/2020,BKNG,0.0387,1
06/02/2020,TSLA,0.10488490566037735,53
06/03/2020,AAPL,0.05687142857142858,7
06/03/2020,AMZN,-0.2763,3
06/03/2020,BA,0.0,1
06/03/2020,BABA,-0.30693333333333334,3
06/03/2020,BAC,-0.2732,1
06/03/2020,CCL,0.36755,2
06/03/2020,DIS,0.19752,10
06/03/2020,GOOG,-0.5556,1
06/03/2020,JNJ,-0.0951,1
06/03/2020,JPM,-0.14439999999999997,2
06/03/2020,TSLA,0.11697142857142857,21
06/04/2020,AAPL,0.3612,1
06/04/2020,BA,0.03753333333333333,3
06/04/2020,MCD,0.1511,1
06/04/2020,TSLA,0.7184,1
06/05/2020,AAPL,0.0,1
06/05/2020,AMZN,0.0,1
06/05/2020,BA,0.06348461538461539,13
06/05/2020,BABA,-0.058249999999999996,2
06/05/2020,BRK.B,0.0,1
06/05/2020,CCL,0.7003,1
06/05/2020,DIS,0.13219333333333333,15
06/05/2020,FB,0.296,1
06/05/2020,TSLA,0.12634,5
06/05/2020,WMT,0.0,1
06/06/2020,BA,0.0,1
06/07/2020,BA,0.0,1
06/07/2020,BABA,-0.4215,1
06/07/2020,FB,0.0,1
06/07/2020,MSFT,0.7717,1
06/07/2020,TSLA,0.185775,12
06/08/2020,AAPL,0.07098888888888889,18
06/08/2020,AMZN,0.0,2
06/08/2020,BA,0.5917,2
06/08/2020,DIS,-0.2023,1
06/08/2020,FB,0.0,1
06/08/2020,PYPL,0.6369,1
06/08/2020,TSLA,-0.23559999999999998,4
06/08/2020,V,0.0129,2
06/09/2020,AAPL,0.5583,1
06/10/2020,AAPL,0.11030000000000001,12
06/10/2020,AMZN,0.148,2
06/10/2020,BA,-0.181725,4
06/10/2020,CCL,0.5406,2
06/10/2020,DIS,0.4215,1
06/10/2020,NVDA,0.2023,1
06/10/2020,TSLA,0.22036470588235293,17
06/10/2020,TSM,-0.1027,1
06/10/2020,UPS,-0.5719,1
06/11/2020,AAPL,0.24084,5
06/11/2020,AMZN,-0.0772,1
06/11/2020,FB,0.7579,1
06/11/2020,NFLX,-0.0516,1
06/11/2020,NVDA,-0.0299,1
06/11/2020,SBUX,0.0,1
06/11/2020,TSLA,0.1154,6
07/01/2020,AAPL,0.06936666666666667,3
07/01/2020,AMZN,0.7579,1
07/01/2020,BA,-0.003500000000000003,2
07/01/2020,DIS,-0.7783,1
07/01/2020,FB,0.2583,2
07/01/2020,NVDA,0.6486,1
07/01/2020,PYPL,0.0,1
07/01/2020,TSLA,0.19468125,16
07/01/2020,WMT,-0.4939,1
07/02/2020,AAPL,0.033466666666666665,3
07/02/2020,AMZN,0.0,1
07/02/2020,BA,-0.21075,2
07/02/2020,CCL,-0.4215,1
07/02/2020,DIS,-0.31926666666666664,3
07/02/2020,MSFT,0.44615000000000005,2
07/02/2020,TSLA,-0.030536842105263154,19
07/03/2020,AAPL,-0.296,1
07/03/2020,BA,0.2202,2
07/03/2020,CCL,0.2382,1
07/03/2020,DIS,0.5106,1
07/03/2020,TSLA,-0.42315,2
07/04/2020,AAPL,-0.20972,5
07/04/2020,BA,0.005166666666666653,6
07/04/2020,CCL,0.2202,4
07/04/2020,DIS,0.0,1
07/04/2020,NVDA,0.4404,1
07/04/2020,TSLA,-0.32985,2
07/04/2020,XOM,0.0,1
07/05/2020,AAPL,0.1027,1
07/05/2020,BA,0.9153,1
07/05/2020,BABA,-0.07635,4
07/05/2020,CCL,0.68145,2
07/05/2020,DIS,-0.095,8
07/05/2020,HD,0.0,1
07/05/2020,NFLX,0.7269,1
07/05/2020,PFE,0.2283,1
07/05/2020,PG,0.5777,1
07/05/2020,PYPL,0.339625,4
07/05/2020,SBUX,0.0,1
07/05/2020,TSLA,-0.08373333333333333,6
07/07/2020,AMZN,0.3551,3
07/07/2020,BA,0.0,1
07/07/2020,BAC,0.0,1
07/07/2020,BKNG,0.0,1
07/07/2020,DIS,0.7269,1
07/07/2020,FB,0.0,2
07/07/2020,JPM,0.0,1
07/07/2020,MSFT,0.4019,1
07/07/2020,NFLX,0.5759,1
07/07/2020,TSLA,0.12804,10
07/07/2020,WMT,0.0,1
07/08/2020,AAPL,0.3379,5
07/08/2020,AMZN,0.5994,1
07/08/2020,BA,0.0644,2
07/08/2020,BABA,-0.7269,1
07/08/2020,BRK.B,0.148,2
07/08/2020,FB,-0.12179999999999999,5
07/08/2020,HD,0.0,1
07/08/2020,LOW,-0.2732,1
07/08/2020,MSFT,0.12765,4
07/08/2020,PYPL,0.0,1
07/08/2020,TSLA,0.45855,2
07/09/2020,AAPL,-0.1786,2
07/10/2020,AAPL,0.0,1
07/10/2020,AMZN,0.0,1
07/10/2020,BA,0.0,1
07/10/2020,BABA,-0.06743333333333333,3
07/10/2020,DIS,0.4588,1
07/10/2020,GOOGL,-0.5413,1
07/10/2020,MCD,0.0,1
07/10/2020,NFLX,0.0,1
07/10/2020,NVDA,0.12375,2
07/10/2020,TSLA,-0.05019999999999999,10
07/10/2020,UPS,0.3089,1
07/11/2020,AAPL,-0.3182,1
07/11/2020,NFLX,0.7184,1
07/11/2020,XOM,0.5423,1
07/12/2020,ABNB,0.3907,1
07/12/2020,HD,-0.3182,1
07/12/2020,PFE,0.0,2
07/12/2020,TSLA,-0.022074999999999994,12
08/01/2020,AAPL,-0.06256666666666667,6
08/01/2020,BA,-0.6908,1
08/01/2020,BABA,0.0,1
08/01/2020,DIS,0.2657,2
08/01/2020,TSLA,0.16117222222222222,18
08/01/2020,TSM,0.4019,1
08/02/2020,AAPL,0.2023,1
08/02/2020,TSLA,-0.0386,2
08/03/2020,AAPL,-0.6486,1
08/04/2020,AAPL,0.007266666666666681,3
08/04/2020,BA,-0.0171142857142857,7
08/04/2020,CCL,0.23835,2
08/04/2020,DIS,0.28099999999999997,3
08/04/2020,FB,0.3182,1
08/04/2020,GOOGL,-0.5267,1
08/04/2020,MCD,0.296,1
08/04/2020,TSLA,0.09726666666666667,6
08/05/2020,AAPL,0.10115,2
08/05/2020,AMZN,0.6369,1
08/05/2020,BKNG,0.0,1
08/05/2020,CCL,-0.35105000000000003,2
08/05/2020,DIS,0.3881666666666666,3
08/05/2020,MCD,0.0,1
08/05/2020,MSFT,0.765,1
08/05/2020,TSLA,0.0004090909090909063,11
08/06/2020,AAPL,0.0,1
08/06/2020,BA,-0.18765,4
08/06/2020,TSLA,0.6361,1
08/07/2020,AAPL,0.22736666666666663,6
08/07/2020,AMZN,0.11942000000000001,5
08/07/2020,BA,0.056575,4
08/07/2020,BABA,0.4019,1
08/07/2020,CCL,-0.2732,1
08/07/2020,DIS,0.0,1
08/07/2020,FB,-0.03260000000000002,2
08/07/2020,GOOG,-0.2315,1
08/07/2020,NFLX,0.7579,1
08/07/2020,PYPL,0.4404,1
08/07/2020,TSLA,-0.1483818181818182,11
08/07/2020,WMT,0.49995,2
08/08/2020,AAPL,-0.1779,1
08/08/2020,BRK.B,0.7096,1
08/08/2020,FB,0.0,1
08/08/2020,TSLA,-0.09407499999999999,4
08/09/2020,AAPL,0.035652380952380956,21
08/09/2020,BA,0.0,1
08/09/2020,BABA,0.0,1
08/09/2020,DIS,0.0,1
08/09/2020,TSLA,0.01215263157894737,57
08/09/2020,WMT,0.0762,1
08/10/2020,AAPL,0.13411111111111113,9
08/10/2020,AMZN,0.296,1
08/10/2020,BA,0.4205666666666667,3
08/10/2020,BABA,0.0,1
08/10/2020,BAC,0.0,1
08/10/2020,LOW,-0.2732,1
08/10/2020,SBUX,0.4215,1
08/10/2020,TSLA,0.1915,11
08/10/2020,WMT,0.0386,2
08/10/2020,XOM,0.0,1
08/11/2020,AAPL,0.7269,1
08/12/2020,AAPL,0.47165,4
08/12/2020,ABNB,0.5257499999999999,2
08/12/2020,AMZN,0.2023,1
08/12/2020,BA,-0.24695,2
08/12/2020,BABA,0.0,1
08/12/2020,HD,-0.5267,1
08/12/2020,PFE,0.169825,16
08/12/2020,TSLA,0.09530731707317074,41
09/01/2020,AAPL,0.1531,4
09/01/2020,AMZN,0.0,1
09/01/2020,DIS,0.24695,2
09/01/2020,FB,0.30345,2
09/01/2020,SBUX,0.2202,2
09/01/2020,TSLA,0.33446923076923074,13
09/01/2020,V,0.6808,1
09/02/2020,AAPL,-0.511,2
09/03/2020,AAPL,0.15397142857142856,7
09/03/2020,BAC,-0.296,1
09/03/2020,MSFT,0.0772,1
09/03/2020,SBUX,0.3612,1
09/03/2020,TSLA,0.34704,5
09/04/2020,AAPL,0.2202,2
09/04/2020,BA,0.64745,2
09/04/2020,CCL,0.0258,1
09/04/2020,DIS,0.004528571428571422,7
09/04/2020,JPM,-0.5267,1
09/04/2020,KO,0.0,1
09/04/2020,MSFT,0.36819999999999997,2
09/04/2020,NFLX,-0.014249999999999985,2
09/04/2020,PFE,0.0,1
09/04/2020,TSLA,-0.21028000000000002,5
09/05/2020,DIS,0.32985,2
09/05/2020,MSFT,0.5719,1
09/05/2020,V,0.6652,1
09/06/2020,AAPL,0.0,1
09/06/2020,AMZN,0.7783,1
09/06/2020,BA,0.11365714285714283,7
09/06/2020,CCL,-0.36413333333333336,3
09/06/2020,FB,0.0,1
09/06/2020,MSFT,0.0,1
09/06/2020,TSLA,0.15473333333333333,9
09/06/2020,WMT,0.0,1
09/07/2020,AAPL,0.3107666666666667,3
09/07/2020,AMZN,0.17113333333333333,3
09/07/2020,BA,-0.25,1
09/07/2020,BABA,0.27763333333333334,3
09/07/2020,CCL,0.5106,1
09/07/2020,DIS,-0.07655,2
09/07/2020,FB,0.5106,1
09/07/2020,MSFT,0.0,1
09/07/2020,NVDA,0.0,1
09/07/2020,TSLA,0.045899999999999996,24
09/07/2020,V,0.4404,1
09/08/2020,AAPL,0.48324999999999996,2
09/09/2020,AAPL,0.23774375,16
09/09/2020,BA,0.0,1
09/09/2020,CCL,0.0,1
09/09/2020,MCD,0.0,1
09/09/2020,NFLX,-0.0772,1
09/09/2020,NVDA,-0.25,1
09/09/2020,TSLA,0.10710000000000001,49
09/10/2020,AAPL,0.021574999999999993,4
09/10/2020,BA,0.0,4
09/10/2020,MSFT,0.7906,1
09/10/2020,NVDA,0.0,1
09/10/2020,PFE,0.5984,1
09/10/2020,TSLA,0.02614545454545455,11
09/11/2020,AAPL,-0.09271111111111112,9
09/11/2020,AMZN,0.1806,2
09/11/2020,BA,-0.2787,2
09/11/2020,BABA,0.3182,1
09/11/2020,CCL,0.7717,1
09/11/2020,PFE,0.2732,1
09/12/2020,AAPL,-0.023619999999999995,5
09/12/2020,ABNB,-0.4404,1
09/12/2020,AMZN,-0.42772499999999997,4
09/12/2020,BA,-0.7778,1
09/12/2020,BABA,-0.4215,1
09/12/2020,CCL,0.15746666666666667,3
09/12/2020,DIS,0.3572,2
09/12/2020,FB,-0.15711999999999998,5
09/12/2020,PFE,0.05595333333333333,15
09/12/2020,TSLA,0.12455121951219512,41
10/01/2020,AAPL,0.426825,4
10/01/2020,AMZN,0.0387,1
10/01/2020,BA,0.07253333333333332,6
10/01/2020,BABA,0.148,2
10/01/2020,DIS,0.0,1
10/01/2020,NFLX,0.5719,1
10/01/2020,NVDA,0.6369,1
10/01/2020,TSLA,0.22135,14
10/02/2020,AAPL,-0.2986,3
10/02/2020,AMZN,0.6176,1
10/02/2020,BA,0.0,1
10/02/2020,MSFT,0.0772,1
10/02/2020,NVDA,0.7269,1
10/02/2020,TSLA,0.317,3
10/02/2020,TSM,0.4588,1
10/03/2020,AAPL,-0.12801428571428572,7
10/03/2020,AMZN,-0.17681666666666665,6
10/03/2020,BA,0.0,1
10/03/2020,BABA,-0.22319999999999998,3
10/03/2020,BAC,0.296,1
10/03/2020,CCL,-0.27275,8
10/03/2020,DIS,0.17841666666666667,6
10/03/2020,GOOG,-0.6108,1
10/03/2020,MSFT,0.4215,1
10/03/2020,TSLA,0.16841818181818183,11
10/03/2020,V,0.44094999999999995,2
10/04/2020,BA,0.6369,1
10/06/2020,AAPL,0.3182,1
10/06/2020,AMZN,0.5719,1
10/06/2020,BA,0.30456666666666665,6
10/06/2020,BRK.B,0.2755,1
10/06/2020,CCL,0.1468,3
10/06/2020,JPM,-0.5994,1
10/06/2020,MSFT,0.1468,3
10/06/2020,TSLA,0.1782090909090909,11
10/06/2020,XOM,0.0,1
10/07/2020,AMZN,0.0,3
10/07/2020,BA,0.12795,4
10/07/2020,BABA,-0.3182,1
10/07/2020,CCL,-0.2732,1
10/07/2020,DIS,0.4215,1
10/07/2020,FB,0.5719,1
10/07/2020,HD,0.4404,1
10/07/2020,JPM,-0.296,1
10/07/2020,NFLX,0.29664999999999997,2
10/07/2020,TSLA,0.10814000000000001,20
10/07/2020,TSM,0.0,1
10/07/2020,WMT,-0.4215,1
10/08/2020,AAPL,0.045641666666666664,12
10/08/2020,TSLA,0.0,1
10/09/2020,AAPL,0.0994421052631579,19
10/09/2020,AMZN,0.0,1
10/09/2020,BA,0.8253,2
10/09/2020,BABA,0.0,1
10/09/2020,DIS,0.2202,2
10/09/2020,HD,0.6249,1
10/09/2020,MSFT,0.6597,1
10/09/2020,TSLA,0.11499523809523811,42
10/09/2020,WMT,0.17026666666666665,3
10/09/2020,XOM,-0.0772,1
10/10/2020,AAPL,0.5267,1
10/10/2020,AMZN,-0.4404,1
10/10/2020,MSFT,-0.128,1
10/10/2020,TSLA,0.28265,2
10/11/2020,AAPL,-0.11875555555555556,9
10/11/2020,AMZN,0.13549999999999998,3
10/11/2020,BA,-0.0999,6
10/11/2020,BABA,0.4404,1
10/11/2020,BAC,0.0,1
10/11/2020,CCL,0.0,1
10/11/2020,CVX,-0.5719,1
10/11/2020,HD,0.0,1
10/11/2020,MSFT,-0.2732,1
10/11/2020,PFE,0.0756142857142857,7
10/11/2020,SBUX,0.431,1
10/11/2020,TSLA,-0.05366000000000002,5
10/12/2020,ABNB,0.1319,12
10/12/2020,AMZN,-0.05393999999999999,5
10/12/2020,BA,-0.17020000000000002,3
10/12/2020,BAC,0.1591,2
10/12/2020,CCL,-0.07983333333333333,3
10/12/2020,DIS,0.6486,2
10/12/2020,FB,0.06004999999999999,6
10/12/2020,HD,-0.0015,1
10/12/2020,NVDA,0.5859,1
10/12/2020,PFE,-0.15104285714285717,7
10/12/2020,TSLA,0.14722857142857143,28
11/01/2020,AAPL,0.0,1
11/01/2020,BA,0.3612,1
11/02/2020,AAPL,-0.3182,1
11/02/2020,AMZN,0.47550000000000003,2
11/02/2020,BA,-0.41905,2
11/02/2020,DIS,0.40080000000000005,2
11/02/2020,FB,-0.068875,4
11/02/2020,MCD,0.3612,1
11/02/2020,MSFT,0.243975,4
11/02/2020,NVDA,0.7184,1
11/02/2020,TSLA,-0.012200000000000003,8
11/02/2020,TSM,0.3612,1
11/03/2020,AAPL,0.041220000000000014,5
11/03/2020,AMZN,0.29286666666666666,3
11/03/2020,BA,0.05047142857142858,7
11/03/2020,BABA,0.6908,1
11/03/2020,BAC,-0.2023,1
11/03/2020,FB,-0.0772,1
11/03/2020,MSFT,0.79835,2
11/03/2020,NFLX,-0.15036666666666668,3
11/03/2020,TSLA,0.1554388888888889,18
11/03/2020,V,-0.34876666666666667,3
11/03/2020,WMT,0.0,1
11/03/2020,XOM,-0.1508,2
11/05/2020,AAPL,0.0,1
11/05/2020,BA,-0.4588,1
11/05/2020,TSLA,-0.14248333333333332,6
11/05/2020,WMT,0.0,1
11/06/2020,AAPL,-0.08475,2
11/06/2020,AMZN,0.7573,1
11/06/2020,BA,0.19036818181818183,22
11/06/2020,BABA,0.637975,4
11/06/2020,BAC,-0.7579,1
11/06/2020,CCL,0.035150000000000015,4
11/06/2020,DIS,-0.5822499999999999,2
11/06/2020,FB,0.17,2
11/06/2020,HD,0.29675,2
11/06/2020,JPM,0.4607,2
11/06/2020,NFLX,0.0,1
11/06/2020,SBUX,0.2997,2
11/06/2020,TSLA,0.08449999999999999,9
11/06/2020,WMT,0.7645,1
11/06/2020,XOM,0.4005,1
11/07/2020,AAPL,0.34,1
11/07/2020,BA,-0.5574,1
11/07/2020,KO,-0.4767,1
11/07/2020,TSLA,0.13996,5
11/07/2020,V,0.5719,1
11/08/2020,AAPL,0.07523333333333333,6
11/08/2020,AMZN,-0.07414999999999997,2
11/08/2020,BA,0.7161,1
11/08/2020,DIS,-0.10115,2
11/08/2020,FB,-0.3182,1
11/08/2020,JPM,0.44394999999999996,2
11/08/2020,NFLX,0.2212,1
11/08/2020,PFE,-0.6908,1
11/08/2020,PYPL,0.5859,1
11/08/2020,TSLA,0.04604285714285715,14
11/08/2020,WMT,0.5267,1
11/09/2020,AAPL,0.00802608695652174,23
11/09/2020,AMZN,-0.3506666666666667,3
11/09/2020,DIS,-0.1531,1
11/09/2020,FB,-0.8481,1
11/09/2020,HD,0.0516,1
11/09/2020,MSFT,-0.5719,1
11/09/2020,NFLX,0.1909,2
11/09/2020,TSLA,0.27690714285714285,28
11/10/2020,AAPL,0.0,2
11/11/2020,AAPL,0.05588888888888889,9
11/11/2020,AMZN,0.296,1
11/11/2020,BA,-0.47785,2
11/11/2020,BABA,0.20763333333333334,3
11/11/2020,CCL,0.04194,5
11/11/2020,FB,-0.1027,1
11/11/2020,MCD,0.2553,2
11/11/2020,MSFT,0.0,1
11/11/2020,NFLX,-0.3182,1
11/11/2020,NVDA,0.0,1
11/11/2020,TSLA,-0.10606666666666666,3
11/12/2020,AAPL,-0.3535,1
11/12/2020,ABNB,-0.09721666666666666,6
11/12/2020,AMZN,0.0,1
11/12/2020,CCL,-0.02465000000000002,4
11/12/2020,DIS,-0.07067500000000002,8
11/12/2020,FB,0.0258,1
11/12/2020,HD,0.2263,1
11/12/2020,MSFT,0.5106,1
11/12/2020,PFE,-0.0478875,8
11/12/2020,TSLA,0.1573,17
12/01/2020,AAPL,0.21075,2
12/02/2020,AAPL,0.3461666666666667,3
12/02/2020,AMZN,0.0,1
12/02/2020,BA,-0.3818,1
12/02/2020,BABA,0.28590000000000004,2
12/02/2020,DIS,-0.5423,1
12/02/2020,FB,0.7003,1
12/02/2020,TSLA,0.029181250000000002,16
12/03/2020,AAPL,0.12011428571428572,7
12/03/2020,AMZN,-0.04933333333333333,6
12/03/2020,BA,0.2256,8
12/03/2020,CCL,0.26583,10
12/03/2020,DIS,0.009324999999999995,12
12/03/2020,GOOG,0.0,1
12/03/2020,HD,0.0516,1
12/03/2020,NFLX,0.0,1
12/03/2020,TSLA,-0.07682666666666667,30
12/05/2020,AAPL,-0.0032250000000000056,4
12/05/2020,BA,0.1365,4
12/05/2020,BABA,0.3295666666666666,3
12/05/2020,BAC,0.0,1
12/05/2020,DIS,0.025450000000000018,6
12/05/2020,FB,0.4915,1
12/05/2020,JNJ,0.0,1
12/05/2020,JPM,-0.25,1
12/05/2020,MCD,0.7446,1
12/05/2020,MSFT,0.0757,1
12/05/2020,TSLA,0.17556363636363637,11
12/05/2020,WMT,0.2023,1
12/06/2020,AAPL,-0.015950000000000002,6
12/06/2020,AMZN,-0.1695,1
12/06/2020,BA,-0.050693749999999996,16
12/06/2020,SBUX,0.24080000000000001,3
12/06/2020,TSLA,0.12912173913043476,23
12/06/2020,WMT,-0.2202,2
12/08/2020,AAPL,0.32985,2
12/08/2020,AMZN,0.4215,1
12/08/2020,BA,0.0705375,8
12/08/2020,BAC,-0.3182,1
12/08/2020,CCL,0.5106,1
12/08/2020,JPM,0.0,1
12/08/2020,MSFT,0.0,1
12/08/2020,TSLA,0.048615000000000005,20
12/09/2020,AAPL,-0.24695,2
12/09/2020,NFLX,-0.3875,1
12/09/2020,TSLA,0.26153333333333334,6
12/09/2020,XOM,0.3847,1
12/10/2020,AAPL,0.24435500000000002,20
12/10/2020,AMZN,0.1027,1
12/10/2020,TSLA,-0.4406666666666667,3
12/11/2020,AAPL,0.23152,5
12/11/2020,BA,0.424775,8
12/11/2020,BABA,0.2553,2
12/11/2020,BAC,0.6369,1
12/11/2020,BKNG,0.1761,1
12/11/2020,CCL,-0.039775000000000005,4
12/11/2020,DIS,0.0930125,8
12/11/2020,FB,0.8316,1
12/11/2020,NVDA,0.26255,2
12/11/2020,TSLA,0.38135,6
12/11/2020,WMT,-0.1511,1
12/12/2020,ABNB,0.36415000000000003,4
12/12/2020,DIS,0.7351,1
12/12/2020,PFE,0.07433333333333335,3
12/12/2020,TSLA,0.24695,2
13/01/2020,AAPL,0.02695,4
13/01/2020,BABA,0.836,1
13/01/2020,BAC,-0.4767,1
13/01/2020,TSLA,-0.02706666666666666,9
13/01/2020,TSM,-0.4215,1
13/02/2020,BA,0.3048,2
13/02/2020,BABA,0.12055,2
13/02/2020,MSFT,-0.15836,5
13/02/2020,NFLX,0.0,1
13/02/2020,NVDA,0.5178,1
13/02/2020,SBUX,0.6948,1
13/02/2020,TSLA,0.10945555555555554,45
13/03/2020,AAPL,-0.009528571428571426,7
13/03/2020,AMZN,-0.09738,5
13/03/2020,BA,0.16885,2
13/03/2020,BABA,-0.14700000000000002,2
13/03/2020,CCL,-0.06291428571428571,7
13/03/2020,DIS,0.12427391304347825,23
13/03/2020,GOOG,-0.4019,1
13/03/2020,HD,-0.03620000000000001,2
13/03/2020,JPM,-0.3412,1
13/03/2020,MCD,0.0,1
13/03/2020,MSFT,0.148,2
13/03/2020,NVDA,0.3612,1
13/03/2020,SBUX,0.5719,1
13/03/2020,TSLA,0.132135,20
13/04/2020,AAPL,0.21075,2
13/04/2020,AMZN,0.3612,1
13/04/2020,DIS,0.0,1
13/04/2020,NFLX,0.4215,1
13/04/2020,TSLA,-0.056100000000000004,5
13/05/2020,AAPL,0.29377142857142857,7
13/05/2020,BA,0.30272,5
13/05/2020,BABA,0.0,1
13/05/2020,CCL,0.0,1
13/05/2020,DIS,-0.07955,4
13/05/2020,FB,-0.1366,2
13/05/2020,KO,0.5095,1
13/05/2020,LOW,-0.6249,1
13/05/2020,MCD,0.3182,1
13/05/2020,MSFT,0.0,1
13/05/2020,NFLX,0.25,1
13/05/2020,NKE,0.0,1
13/05/2020,TSLA,0.1132,15
13/05/2020,WMT,0.0903,1
13/05/2020,XOM,0.0772,1
13/06/2020,AMZN,0.0258,1
13/06/2020,BA,0.0,1
13/06/2020,TSLA,0.17188,5
13/07/2020,AAPL,0.3024,2
13/07/2020,DIS,-0.0163,1
13/07/2020,MSFT,0.0,1
13/07/2020,TSLA,0.07883076923076923,26
13/08/2020,AAPL,0.10219,20
13/08/2020,BA,-0.148,2
13/08/2020,GOOG,0.0,1
13/08/2020,JNJ,0.0,1
13/08/2020,TSLA,0.16085925925925929,27
13/08/2020,WMT,-0.1779,1
13/09/2020,AAPL,0.4404,1
13/10/2020,AAPL,0.13737777777777777,36
13/10/2020,AMZN,-0.013566666666666652,3
13/10/2020,CCL,0.0,1
13/10/2020,DIS,-0.3252,1
13/10/2020,FB,0.5859,1
13/10/2020,JNJ,0.21075,2
13/10/2020,JPM,0.67935,2
13/10/2020,NFLX,-0.4215,1
13/10/2020,TSLA,0.17571666666666666,6
13/10/2020,WMT,-0.2732,1
13/11/2020,AMZN,0.0,1
13/11/2020,BA,0.184325,4
13/11/2020,BABA,0.106,4
13/11/2020,BAC,0.5994,1
13/11/2020,CCL,0.148,2
13/11/2020,DIS,-0.1612,4
13/11/2020,FB,0.0,1
13/11/2020,MSFT,-0.3645,2
13/11/2020,NVDA,0.08333333333333333,3
13/11/2020,PFE,0.5326500000000001,2
13/11/2020,TSLA,-0.13724999999999998,4
13/11/2020,WMT,-0.15499999999999997,5
14/01/2020,AAPL,0.27295,4
14/01/2020,AMZN,0.4404,1
14/01/2020,BA,0.14303333333333332,3
14/01/2020,BABA,0.21075,2
14/01/2020,DIS,-0.4058999999999999,3
14/01/2020,TSLA,0.10547857142857142,14
14/01/2020,TSM,0.8908,1
14/01/2020,UNH,0.0,1
14/01/2020,XOM,0.0,1
14/02/2020,AAPL,0.44,2
14/02/2020,AMZN,-0.1909,2
14/02/2020,CCL,-0.7073,1
14/02/2020,DIS,0.39225,2
14/02/2020,FB,0.5106,1
14/02/2020,MSFT,0.0,1
14/02/2020,NFLX,-0.2023,1
14/02/2020,NVDA,0.0,1
14/02/2020,TSLA,0.1438,9
14/02/2020,WMT,0.0,1
14/03/2020,AAPL,0.07543333333333334,3
14/03/2020,BA,0.3818,1
14/03/2020,DIS,0.17713333333333334,3
14/03/2020,TSLA,0.3313,3
14/03/2020,V,0.2477,1
14/04/2020,AAPL,0.30555,2
14/04/2020,AMZN,0.4201,2
14/04/2020,BA,-0.005583333333333329,6
14/04/2020,BAC,-0.38355,2
14/04/2020,CCL,0.09432499999999998,4
14/04/2020,DIS,0.0,1
14/04/2020,FB,0.5106,1
14/04/2020,JPM,0.034425000000000004,4
14/04/2020,MSFT,0.4404,1
14/04/2020,NFLX,-0.07655,2
14/04/2020,TSLA,0.16327,10
14/05/2020,AAPL,0.15938000000000002,5
14/05/2020,BA,0.10932,5
14/05/2020,CCL,-0.1027,1
14/05/2020,DIS,-0.20625000000000002,6
14/05/2020,FB,0.875,1
14/05/2020,JPM,0.25,1
14/05/2020,MCD,0.7999,1
14/05/2020,MSFT,0.3182,1
14/05/2020,NVDA,-0.3645,2
14/05/2020,TSLA,-0.025800000000000003,12
14/05/2020,XOM,-0.25,1
14/07/2020,AAPL,-0.1406,1
14/07/2020,AMZN,-0.1198333333333333,3
14/07/2020,BA,0.0,2
14/07/2020,BABA,0.5859,1
14/07/2020,BRK.B,0.2944,1
14/07/2020,DIS,0.2553,2
14/07/2020,JPM,0.18490000000000004,2
14/07/2020,MSFT,0.0,2
14/07/2020,NFLX,0.0,1
14/07/2020,PFE,0.3182,1
14/07/2020,SBUX,-0.6908,1
14/07/2020,TSLA,0.17150666666666667,30
14/07/2020,WMT,0.5574,1
14/08/2020,AAPL,0.271875,8
14/08/2020,AMZN,0.0,1
14/08/2020,BA,0.0,1
14/08/2020,BABA,0.17,2
14/08/2020,HD,0.3291,1
14/08/2020,MSFT,0.6369,1
14/08/2020,NFLX,-0.0572,1
14/08/2020,PFE,-0.2263,1
14/08/2020,TSLA,0.2189823529411765,17
14/08/2020,WMT,0.6908,1
14/09/2020,AAPL,0.28749375,16
14/09/2020,DIS,-0.1027,1
14/09/2020,TSLA,0.10522000000000001,15
14/09/2020,WMT,0.3931,2
14/10/2020,AAPL,0.14292307692307693,13
14/10/2020,AMZN,0.73565,2
14/10/2020,BABA,0.25943333333333335,3
14/10/2020,BAC,-0.7003,1
14/10/2020,DIS,0.0,1
14/10/2020,JNJ,0.0,1
14/10/2020,TSLA,0.11774666666666667,15
14/11/2020,NVDA,0.3597,1
14/12/2020,AAPL,-0.12916666666666668,3
14/12/2020,ABNB,-0.159475,8
14/12/2020,BABA,0.4215,1
14/12/2020,PFE,-0.06472,5
14/12/2020,PYPL,0.0,1
14/12/2020,TSLA,0.0,4
15/01/2020,AAPL,0.2705285714285714,7
15/01/2020,BA,0.0,1
15/01/2020,BAC,0.0,1
15/01/2020,DIS,-0.1531,1
15/01/2020,SBUX,0.5106,1
15/01/2020,TSLA,0.05854615384615385,13
15/02/2020,WMT,0.3804,1
15/03/2020,AAPL,0.022266666666666674,3
15/04/2020,AAPL,0.5423,1
15/04/2020,AMZN,0.0,1
15/04/2020,BA,0.09751111111111112,9
15/04/2020,BAC,0.2909428571428571,7
15/04/2020,CCL,0.4939,1
15/04/2020,GOOGL,0.5267,1
15/04/2020,JPM,0.0,1
15/04/2020,NFLX,0.6908,1
15/04/2020,TSLA,0.12277500000000001,8
15/05/2020,AAPL,-0.0172,3
15/05/2020,BA,0.06275,2
15/05/2020,BABA,0.0,1
15/05/2020,CCL,0.0,1
15/05/2020,DIS,0.034275,4
15/05/2020,FB,0.0,1
15/05/2020,PYPL,0.7783,1
15/05/2020,TSLA,0.576775,4
15/06/2020,AAPL,0.4404,1
15/06/2020,BA,0.3922666666666667,3
15/06/2020,BAC,0.5859,1
15/06/2020,CCL,0.4588,1
15/07/2020,AAPL,0.378575,4
15/07/2020,AMZN,0.2263,1
15/07/2020,BA,0.02202857142857143,7
15/07/2020,BABA,0.0,1
15/07/2020,CCL,-0.16160000000000002,3
15/07/2020,JNJ,0.4215,1
15/07/2020,JPM,0.8271,1
15/07/2020,PFE,0.4019,1
15/07/2020,TSLA,0.17065454545454548,11
15/07/2020,WMT,-0.4939,1
15/08/2020,AAPL,0.42955,2
15/08/2020,TSLA,0.04113333333333335,6
15/09/2020,AAPL,0.058811999999999996,25
15/09/2020,AMZN,0.24695,2
15/09/2020,BA,-0.04783333333333334,3
15/09/2020,BAC,0.0,1
15/09/2020,CCL,-0.6124,1
15/09/2020,FB,0.0,1
15/09/2020,NFLX,-0.27115,2
15/09/2020,PFE,0.6411,1
15/09/2020,TSLA,0.1682793103448276,58
15/09/2020,WMT,0.401,2
15/09/2020,XOM,0.13396666666666665,3
15/10/2020,AAPL,0.103475,12
15/10/2020,AMZN,0.128,1
15/10/2020,BA,0.47550000000000003,2
15/10/2020,DIS,0.0,1
15/10/2020,FB,0.0,1
15/10/2020,JNJ,0.0,1
15/10/2020,MSFT,0.0,1
15/10/2020,NVDA,0.7003,1
15/10/2020,TSLA,0.07921666666666667,6
15/11/2020,AAPL,0.0,3
15/12/2020,AAPL,0.22030000000000002,6
15/12/2020,ABNB,0.010320000000000001,5
15/12/2020,AMZN,0.3612,1
15/12/2020,BA,-0.5574,1
15/12/2020,BABA,0.0,1
15/12/2020,DIS,-0.4215,1
15/12/2020,FB,0.0,1
15/12/2020,MCD,0.0,1
15/12/2020,MSFT,0.4215,1
15/12/2020,PFE,-0.016374999999999987,8
15/12/2020,PYPL,0.4588,1
15/12/2020,TSLA,-0.1089,12
16/01/2020,AAPL,-0.11315,2
16/01/2020,AMZN,0.0,1
16/01/2020,BA,0.1027,1
16/01/2020,DIS,0.6369,1
16/01/2020,MSFT,0.0,1
16/01/2020,TSLA,0.004421052631578951,19
16/01/2020,V,-0.2263,1
16/03/2020,AAPL,-0.15415714285714285,14
16/03/2020,BA,0.28555,2
16/03/2020,DIS,0.11596666666666668,3
16/03/2020,MSFT,0.8176,1
16/03/2020,NKE,0.4939,1
16/03/2020,TSLA,0.1677375,8
16/04/2020,AAPL,0.09545,4
16/04/2020,AMZN,0.5683,3
16/04/2020,BA,-0.1267,6
16/04/2020,BAC,-0.3466,3
16/04/2020,CCL,0.34,1
16/04/2020,DIS,-0.7783,1
16/04/2020,MSFT,0.2732,1
16/04/2020,NFLX,0.4088,2
16/04/2020,NKE,0.0,1
16/04/2020,SBUX,-0.4939,1
16/04/2020,TSLA,0.1299076923076923,13
16/04/2020,V,0.0,1
16/04/2020,WMT,-0.5574,1
16/05/2020,AAPL,-0.1027,1
16/05/2020,BA,-0.10115,2
16/05/2020,CCL,0.0,1
16/05/2020,NVDA,0.0,1
16/05/2020,TSLA,0.0,1
16/06/2020,AMZN,0.1468,3
16/06/2020,BA,0.2891230769230769,13
16/06/2020,CCL,0.24220000000000003,2
16/06/2020,MSFT,0.0,1
16/06/2020,PYPL,0.0,1
16/06/2020,TSLA,0.10864999999999998,6
16/06/2020,UPS,0.7579,1
16/06/2020,V,0.4215,1
16/07/2020,BA,0.0,2
16/07/2020,BABA,0.35325,2
16/07/2020,BAC,0.0,1
16/07/2020,BRK.B,0.6249,1
16/07/2020,DIS,0.5023,1
16/07/2020,FB,0.0,1
16/07/2020,MSFT,0.0,1
16/07/2020,NFLX,0.030779999999999995,5
16/07/2020,SBUX,0.4404,1
16/07/2020,TSLA,0.05250909090909091,11
16/07/2020,WMT,0.0,1
16/09/2020,AAPL,0.05741176470588235,17
16/09/2020,AMZN,0.0,1
16/09/2020,BA,0.0,2
16/09/2020,FB,0.0,1
16/09/2020,NFLX,0.0,2
16/09/2020,NVDA,-0.17,2
16/09/2020,PFE,0.6369,1
16/09/2020,TSLA,0.2104558823529412,34
16/09/2020,WMT,0.546,2
16/10/2020,AAPL,0.06765555555555555,9
16/10/2020,AMZN,-0.11315,2
16/10/2020,BA,0.11865,2
16/10/2020,CCL,0.2934,2
16/10/2020,NVDA,-0.1695,1
16/10/2020,TSLA,0.156225,4
16/10/2020,WMT,-0.0772,1
16/11/2020,AAPL,0.0,1
16/11/2020,BA,0.3612,1
16/11/2020,BABA,-0.08895,2
16/11/2020,PFE,0.27115,2
16/11/2020,TSLA,0.23406666666666665,6
16/12/2020,AAPL,0.071775,4
16/12/2020,ABNB,0.016220000000000005,5
16/12/2020,AMZN,0.0,2
16/12/2020,BA,0.3612,1
16/12/2020,DIS,0.4467,2
16/12/2020,LOW,0.2263,1
16/12/2020,NFLX,0.4215,1
16/12/2020,NKE,-0.0772,1
16/12/2020,PFE,-0.015875,8
16/12/2020,TSLA,-0.09216666666666667,9
16/12/2020,V,0.0,1
17/01/2020,AAPL,0.04700000000000001,3
17/01/2020,BA,0.18546,5
17/01/2020,DIS,0.129,5
17/01/2020,GOOGL,0.3182,1
17/01/2020,MSFT,0.0,1
17/01/2020,TSLA,-0.01936153846153846,13
17/01/2020,V,0.296,1
17/02/2020,AAPL,-0.187475,4
17/03/2020,AAPL,0.12047,10
17/03/2020,AMZN,0.16061999999999999,5
17/03/2020,BA,-0.1556,9
17/03/2020,CCL,0.0,1
17/03/2020,DIS,-0.005342857142857145,7
17/03/2020,HD,0.4019,1
17/03/2020,MA,0.6705,1
17/03/2020,MSFT,-0.08223333333333332,3
17/03/2020,NFLX,0.0,1
17/03/2020,SBUX,-0.25,1
17/03/2020,TSLA,0.10071142857142858,35
17/04/2020,AAPL,0.30632499999999996,4
17/04/2020,AMZN,0.20095,2
17/04/2020,BA,0.23113999999999998,5
17/04/2020,BABA,0.7964,1
17/04/2020,BAC,0.306775,4
17/04/2020,DIS,0.0516,1
17/04/2020,FB,-0.296,1
17/04/2020,MSFT,-0.6705,1
17/04/2020,NFLX,0.00583333333333332,3
17/04/2020,TSLA,0.25,5
17/06/2020,AAPL,0.0256,5
17/06/2020,AMZN,-0.148,2
17/06/2020,BA,-0.10784444444444444,9
17/06/2020,BAC,0.4939,1
17/06/2020,NFLX,0.0,1
17/06/2020,TSLA,0.0887,7
17/06/2020,V,0.3182,1
17/07/2020,AAPL,0.23745,2
17/07/2020,CCL,-0.027033333333333336,3
17/07/2020,DIS,0.14049999999999999,3
17/07/2020,FB,0.0,1
17/07/2020,MSFT,0.11363333333333335,3
17/07/2020,NFLX,0.03665000000000001,6
17/07/2020,TSLA,0.14177142857142858,7
17/07/2020,WMT,0.4576,1
17/08/2020,AAPL,0.27645,2
17/08/2020,AMZN,-0.4767,1
17/08/2020,NVDA,0.0,1
17/08/2020,TSLA,0.021685714285714277,7
17/08/2020,WMT,-0.0258,1
17/09/2020,AAPL,-0.164664,25
17/09/2020,AMZN,-0.04815,6
17/09/2020,BA,0.3194333333333333,3
17/09/2020,DIS,-0.2176,2
17/09/2020,FB,-0.014249999999999985,2
17/09/2020,GOOGL,0.0,1
17/09/2020,MCD,0.0,1
17/09/2020,NFLX,0.008485714285714272,7
17/09/2020,TSLA,0.13748064516129033,31
17/09/2020,WMT,0.0,1
17/10/2020,AAPL,0.16960000000000003,2
17/11/2020,AAPL,0.2789666666666667,6
17/11/2020,AMZN,0.17323333333333335,3
17/11/2020,BA,0.29564,5
17/11/2020,BABA,0.14200000000000002,2
17/11/2020,CCL,0.0,1
17/11/2020,DIS,0.2263,1
17/11/2020,HD,0.31845,2
17/11/2020,NVDA,0.7184,1
17/11/2020,PFE,-0.37320000000000003,2
17/11/2020,TSLA,0.2243,23
17/11/2020,WMT,-0.3818,1
17/11/2020,XOM,0.7783,1
17/12/2020,AAPL,-0.32985,2
17/12/2020,ABNB,0.12040000000000001,3
17/12/2020,AMZN,0.5719,1
17/12/2020,BA,0.6908,1
17/12/2020,BABA,0.0,2
17/12/2020,FB,-0.9001,1
17/12/2020,HD,0.0,1
17/12/2020,PFE,0.2567,4
17/12/2020,TSLA,0.2238125,8
18/01/2020,NFLX,-0.34,1
18/01/2020,TSLA,0.05938,5
18/02/2020,AAPL,-0.1771,7
18/02/2020,BABA,0.21075,2
18/02/2020,MSFT,-0.10964999999999997,2
18/02/2020,TSLA,0.05135,2
18/03/2020,AAPL,0.18224444444444446,9
18/03/2020,AMT,0.0,1
18/03/2020,AMZN,0.46492000000000006,5
18/03/2020,BA,-0.30624999999999997,14
18/03/2020,BABA,0.0,1
18/03/2020,CCL,0.1231,2
18/03/2020,DIS,-0.03744000000000001,5
18/03/2020,FB,0.0772,1
18/03/2020,GOOGL,0.1806,2
18/03/2020,MCD,0.0,1
18/03/2020,MSFT,0.5574,1
18/03/2020,NFLX,0.25,1
18/03/2020,NVDA,0.3182,1
18/03/2020,PYPL,0.128,1
18/03/2020,TSLA,0.10488,40
18/03/2020,UNH,-0.4939,1
18/03/2020,V,0.2501,1
18/04/2020,AAPL,-0.0703,2
18/04/2020,BA,0.0,2
18/04/2020,TSLA,0.4588,1
18/05/2020,AAPL,0.0,1
18/05/2020,BA,0.3612,1
18/05/2020,CCL,0.6323,1
18/05/2020,WMT,0.7845,1
18/06/2020,AAPL,0.07229999999999999,4
18/06/2020,BA,0.12936666666666666,12
18/06/2020,CCL,0.2077875,8
18/06/2020,FB,0.0,1
18/06/2020,TSLA,0.10444444444444444,9
18/06/2020,WMT,-0.6597,1
18/07/2020,BA,0.5112000000000001,2
18/07/2020,NFLX,-0.2975,1
18/07/2020,PFE,0.0,1
18/07/2020,TSLA,0.31805,2
18/08/2020,AAPL,-0.11001428571428572,7
18/08/2020,AMZN,0.25908,5
18/08/2020,BA,-0.07655,2
18/08/2020,CCL,0.0,1
18/08/2020,MSFT,-0.0516,1
18/08/2020,NVDA,0.5719,1
18/08/2020,TSLA,0.18375555555555556,36
18/08/2020,WMT,0.19758,5
18/09/2020,AAPL,0.04729655172413793,29
18/09/2020,AMZN,0.19925,8
18/09/2020,BA,0.5423,1
18/09/2020,CCL,0.5594,2
18/09/2020,FB,-0.3568,2
18/09/2020,MSFT,0.4215,1
18/09/2020,NFLX,-0.05103333333333334,6
18/09/2020,TSLA,0.13997391304347828,23
18/09/2020,XOM,0.9062,1
18/10/2020,AAPL,-0.67785,2
18/11/2020,AAPL,0.21509999999999999,5
18/11/2020,AMZN,0.0,1
18/11/2020,BA,0.23201538461538465,13
18/11/2020,BABA,-0.3017666666666667,3
18/11/2020,BKNG,0.1754,1
18/11/2020,CCL,0.29785,4
18/11/2020,DIS,0.0,1
18/11/2020,NFLX,0.8439,1
18/11/2020,NVDA,0.15772000000000003,5
18/11/2020,PFE,0.41396,5
18/11/2020,TSLA,-0.0646375,24
18/12/2020,AAPL,0.31888,5
18/12/2020,ABNB,0.4588,1
18/12/2020,AMZN,0.20625000000000002,2
18/12/2020,BA,0.5106,1
18/12/2020,CCL,-0.7351,1
18/12/2020,FB,0.3111,2
18/12/2020,PFE,0.4767,1
18/12/2020,PYPL,0.0,1
18/12/2020,TSLA,0.18889347826086955,46
18/12/2020,WMT,0.802,1
19/01/2020,AAPL,-0.06634999999999999,2
19/02/2020,AAPL,0.4676,3
19/02/2020,AMZN,0.1779,1
19/02/2020,BABA,0.41145000000000004,2
19/02/2020,MSFT,0.32135,2
19/02/2020,NFLX,-0.2202,2
19/02/2020,NVDA,0.2329,4
19/02/2020,TSLA,0.029383333333333334,18
19/03/2020,AAPL,0.0719,5
19/03/2020,AMZN,0.34345000000000003,4
19/03/2020,BA,0.443325,4
19/03/2020,BABA,0.296,1
19/03/2020,BAC,0.1531,1
19/03/2020,CCL,0.0,1
19/03/2020,DIS,-0.2128888888888889,9
19/03/2020,FB,0.0,1
19/03/2020,MSFT,-0.17356666666666667,3
19/03/2020,NKE,-0.3818,1
19/03/2020,NVDA,-0.6124,1
19/03/2020,TSLA,0.048956818181818185,44
19/05/2020,AMZN,0.2732,1
19/05/2020,BA,-0.064,2
19/05/2020,BABA,0.19063333333333332,3
19/05/2020,CCL,-0.6249,1
19/05/2020,FB,0.3612,1
19/05/2020,HD,0.743,1
19/05/2020,NFLX,0.2067,1
19/05/2020,NVDA,-0.296,1
19/05/2020,TSLA,-0.1566,4
19/05/2020,WMT,0.2043875,8
19/06/2020,AAPL,0.20352857142857145,7
19/06/2020,BA,0.0,4
19/06/2020,CCL,0.16146666666666668,12
19/06/2020,FB,0.0,1
19/06/2020,MA,0.0,1
19/06/2020,MSFT,0.52015,2
19/06/2020,TSLA,-0.13955,4
19/08/2020,AAPL,-0.181675,4
19/08/2020,AMZN,0.4521,2
19/08/2020,BABA,0.17436666666666664,3
19/08/2020,GOOG,0.4588,1
19/08/2020,MSFT,-0.11373333333333334,3
19/08/2020,NKE,-0.0516,1
19/08/2020,NVDA,-0.001899999999999985,4
19/08/2020,TSLA,0.05974285714285715,21
19/08/2020,WMT,-0.6249,1
19/09/2020,AAPL,0.1105,5
19/09/2020,MSFT,-0.3182,1
19/09/2020,TSLA,0.45135714285714285,7
19/10/2020,AAPL,-0.11398749999999999,8
19/10/2020,TSLA,0.01579999999999999,5
19/11/2020,AAPL,0.11827999999999998,5
19/11/2020,BA,0.2803,8
19/11/2020,BABA,0.0,1
19/11/2020,CCL,-0.5244,1
19/11/2020,DIS,0.0,1
19/11/2020,NVDA,0.3182,1
19/11/2020,PFE,0.23835,2
19/11/2020,TSLA,0.14259166666666667,24
19/11/2020,V,0.0,1
19/12/2020,AAPL,-0.1706,2
19/12/2020,ABNB,0.2202,2
19/12/2020,BA,0.0516,1
19/12/2020,PFE,0.296,1
19/12/2020,TSLA,0.001575,4
19/12/2020,V,0.0,1
20/02/2020,AAPL,0.32603333333333334,3
20/02/2020,AMZN,-0.04765,2
20/02/2020,DIS,0.10115,2
20/02/2020,FB,-0.2732,1
20/02/2020,MSFT,0.0,1
20/02/2020,NVDA,0.4215,1
20/02/2020,TSLA,0.23342999999999997,10
20/02/2020,V,0.2732,1
20/02/2020,XOM,0.0,1
20/03/2020,AAPL,-0.11256,5
20/03/2020,AMZN,-0.13396666666666665,3
20/03/2020,BA,0.16513333333333333,3
20/03/2020,BAC,0.0,1
20/03/2020,CCL,0.5824400000000001,5
20/03/2020,DIS,-0.5618,3
20/03/2020,HD,0.0,1
20/03/2020,LOW,-0.08524999999999999,2
20/03/2020,MSFT,-0.2755,1
20/03/2020,NFLX,0.0,1
20/03/2020,TSLA,0.07436451612903225,31
20/03/2020,WMT,-0.01605000000000001,2
20/04/2020,AAPL,0.0,1
20/04/2020,CCL,0.0,1
20/04/2020,NFLX,-0.2732,1
20/04/2020,TSLA,0.022566666666666662,3
20/04/2020,XOM,0.3818,1
20/05/2020,AAPL,0.34230000000000005,2
20/05/2020,AMZN,0.30575,2
20/05/2020,BA,0.0086,3
20/05/2020,BABA,0.3661999999999999,3
20/05/2020,DIS,0.2085,3
20/05/2020,FB,0.0,2
20/05/2020,LOW,0.05225000000000002,2
20/05/2020,MSFT,0.0,1
20/05/2020,NFLX,0.0,1
20/05/2020,TSLA,0.026649999999999993,4
20/06/2020,AAPL,0.0,1
20/06/2020,CCL,-0.3597,1
20/06/2020,TSLA,0.0,1
20/07/2020,AAPL,0.0,4
20/07/2020,AMZN,0.5719,1
20/07/2020,BA,0.0,1
20/07/2020,DIS,0.0,1
20/07/2020,MSFT,0.21433333333333335,3
20/07/2020,TSLA,0.1911285714285714,7
20/08/2020,AAPL,0.30520909090909093,11
20/08/2020,AMZN,-0.5423,1
20/08/2020,BA,0.34,1
20/08/2020,BABA,0.0045285714285714295,7
20/08/2020,BAC,0.5232,2
20/08/2020,DIS,0.4215,1
20/08/2020,FB,0.0,1
20/08/2020,NFLX,0.2725,3
20/08/2020,NVDA,0.08895,2
20/08/2020,PFE,0.0,1
20/08/2020,TSLA,0.21049333333333334,30
20/08/2020,V,0.0,1
20/10/2020,AAPL,0.042550000000000004,4
20/10/2020,FB,0.0,2
20/10/2020,GOOG,0.0,1
20/10/2020,NFLX,-0.05926923076923077,13
20/10/2020,NVDA,0.0,1
20/10/2020,PFE,0.0,1
20/10/2020,TSLA,-0.040777777777777774,9
20/11/2020,AAPL,0.24695,2
20/11/2020,AMZN,-0.39654999999999996,2
20/11/2020,BA,0.3329,2
20/11/2020,BABA,0.06409999999999999,7
20/11/2020,BKNG,-0.128,1
20/11/2020,CCL,0.0,1
20/11/2020,NFLX,0.0,1
20/11/2020,NVDA,0.47973333333333334,3
20/11/2020,PFE,0.0,2
20/11/2020,TSLA,0.21385,8
20/12/2020,AAPL,0.2263,1
21/01/2020,AAPL,0.0,1
21/01/2020,AMZN,0.0,2
21/01/2020,BA,0.0543,4
21/01/2020,TSLA,-0.1468,3
21/02/2020,AAPL,0.025314285714285727,7
21/02/2020,AMZN,-0.05103333333333334,3
21/02/2020,DIS,-0.0516,1
21/02/2020,MSFT,0.3612,1
21/02/2020,NKE,0.0,1
21/02/2020,TSLA,-0.02780666666666666,15
21/03/2020,AAPL,-0.20095,2
21/03/2020,AMZN,-0.34,1
21/03/2020,DIS,-0.2387,3
21/03/2020,SBUX,0.0772,1
21/03/2020,TSLA,-0.2294,2
21/04/2020,AAPL,-0.10846,5
21/04/2020,AMZN,0.7845,1
21/04/2020,BA,0.1772875,8
21/04/2020,DIS,0.13396666666666665,3
21/04/2020,FB,0.1264,2
21/04/2020,MSFT,-0.10606666666666666,3
21/04/2020,NFLX,0.05903846153846155,13
21/04/2020,TSLA,0.004180952380952381,21
21/04/2020,V,0.0,1
21/04/2020,XOM,-0.027966666666666678,6
21/05/2020,AAPL,0.21075,2
21/05/2020,AMZN,0.2235,1
21/05/2020,BA,0.51705,2
21/05/2020,BABA,0.0,1
21/05/2020,DIS,0.5267,1
21/05/2020,FB,0.423925,4
21/05/2020,LOW,0.6908,1
21/05/2020,NFLX,-0.3182,1
21/05/2020,NVDA,0.0,2
21/05/2020,TSLA,0.123175,4
21/06/2020,AAPL,0.0276,1
21/07/2020,AAPL,-0.1626,2
21/07/2020,AMZN,0.29295,2
21/07/2020,BA,-0.3832,1
21/07/2020,DIS,0.0,1
21/07/2020,MSFT,0.1468,3
21/07/2020,NFLX,-0.4404,1
21/07/2020,NKE,0.0,1
21/07/2020,NVDA,0.0,1
21/07/2020,TSLA,0.16750833333333334,12
21/08/2020,AAPL,0.19914230769230767,26
21/08/2020,AMZN,0.0,1
21/08/2020,BA,0.743,1
21/08/2020,CVX,0.6808,1
21/08/2020,DIS,0.0,1
21/08/2020,FB,0.0,1
21/08/2020,JPM,0.0,1
21/08/2020,MSFT,0.1774,4
21/08/2020,NFLX,0.0,1
21/08/2020,NVDA,0.050879999999999995,5
21/08/2020,PFE,-0.12826666666666667,3
21/08/2020,TSLA,0.18018684210526315,38
21/09/2020,AAPL,0.09902,20
21/09/2020,AMZN,0.3612,1
21/09/2020,NFLX,0.0386,2
21/09/2020,NVDA,0.0,1
21/09/2020,TSLA,0.06084545454545454,22
21/09/2020,WMT,0.0,1
21/10/2020,AAPL,0.09866666666666667,3
21/10/2020,BA,-0.296,1
21/10/2020,DIS,0.0,1
21/10/2020,FB,-0.3472,1
21/10/2020,NFLX,-0.19233333333333336,9
21/10/2020,PFE,0.4019,1
21/10/2020,PYPL,0.34,1
21/10/2020,TSLA,0.19866521739130436,23
21/11/2020,BABA,0.0,1
21/11/2020,CCL,-0.3612,1
21/11/2020,NFLX,-0.4939,1
21/11/2020,UPS,0.0,1
21/12/2020,AAPL,0.060181818181818184,11
21/12/2020,ABNB,0.0,2
21/12/2020,TSLA,0.3446636363636364,11
22/01/2020,BA,0.07635,18
22/01/2020,GOOG,0.4588,1
22/01/2020,MSFT,0.36135,2
22/01/2020,NFLX,0.21233333333333335,3
22/01/2020,TSLA,0.18466875,16
22/02/2020,TSLA,0.2202,2
22/03/2020,AAPL,-0.17020000000000002,3
22/04/2020,AAPL,-0.0013,1
22/04/2020,AMZN,0.7184,1
22/04/2020,BA,-0.4226,1
22/04/2020,BAC,-0.5106,1
22/04/2020,DIS,0.0,1
22/04/2020,FB,0.43590000000000007,2
22/04/2020,JPM,0.0,1
22/04/2020,NFLX,-0.06358333333333334,6
22/04/2020,SBUX,0.4404,1
22/04/2020,TSLA,0.4409,7
22/04/2020,XOM,0.2263,1
22/05/2020,BA,-0.11315,2
22/05/2020,BABA,0.0032666666666666677,6
22/05/2020,DIS,-0.296,1
22/05/2020,FB,0.21989999999999998,3
22/05/2020,HD,0.0,1
22/05/2020,KO,0.0,1
22/05/2020,NVDA,-0.17633333333333334,3
22/05/2020,TSLA,0.4244800000000001,5
22/06/2020,AAPL,0.0768666666666667,3
22/06/2020,BA,0.0,1
22/06/2020,CCL,-0.07014999999999999,2
22/06/2020,WMT,0.4404,1
22/07/2020,AAPL,0.0,1
22/07/2020,AMZN,0.9136,1
22/07/2020,BA,0.4767,1
22/07/2020,BKNG,0.6249,1
22/07/2020,KO,0.0,1
22/07/2020,MSFT,0.120475,8
22/07/2020,PFE,0.2853,5
22/07/2020,TSLA,0.1457409090909091,44
22/08/2020,AAPL,0.16460000000000002,3
22/08/2020,DIS,0.4215,1
22/08/2020,NVDA,0.0,1
22/08/2020,TSLA,0.296,1
22/09/2020,AAPL,-0.007299999999999999,15
22/09/2020,AMZN,0.2591,6
22/09/2020,BABA,0.0,1
22/09/2020,CCL,-0.45930000000000004,2
22/09/2020,KO,0.5859,1
22/09/2020,MSFT,-0.3818,1
22/09/2020,NKE,-0.030833333333333324,3
22/09/2020,TSLA,0.04333684210526316,114
22/09/2020,WMT,0.1562,2
22/10/2020,AAPL,0.0,1
22/10/2020,AMZN,0.5132,4
22/10/2020,FB,0.0,1
22/10/2020,KO,0.0,1
22/10/2020,NFLX,-0.4215,1
22/10/2020,PYPL,0.3182,1
22/10/2020,TSLA,0.20033333333333334,15
22/10/2020,WMT,0.0,1
22/10/2020,XOM,-0.2732,1
22/11/2020,AAPL,0.4404,1
22/12/2020,AAPL,0.173645,20
22/12/2020,ABNB,0.0,1
22/12/2020,AMZN,-0.02536666666666665,3
22/12/2020,BA,-0.35855,2
22/12/2020,BABA,0.224825,4
22/12/2020,FB,-0.226325,4
22/12/2020,PFE,0.1101,4
22/12/2020,TSLA,0.09805428571428572,35
22/12/2020,WMT,0.4215,1
23/01/2020,AAPL,0.1589,3
23/01/2020,BA,0.15560000000000002,5
23/01/2020,BABA,0.0,1
23/01/2020,MSFT,0.0,1
23/01/2020,NFLX,0.2263,1
23/01/2020,TSLA,0.10246250000000001,8
23/01/2020,V,0.1072,2
23/02/2020,AAPL,0.296,1
23/03/2020,AAPL,0.093875,4
23/03/2020,AMZN,0.6652,1
23/03/2020,BA,0.14049999999999999,3
23/03/2020,FB,0.34,1
23/03/2020,NFLX,0.34,1
23/03/2020,TSLA,0.07529999999999999,6
23/04/2020,BA,-0.2553,2
23/04/2020,BABA,0.0,1
23/04/2020,CCL,0.4404,1
23/04/2020,NFLX,0.4728,1
23/04/2020,NVDA,-0.0516,1
23/04/2020,TSLA,0.0,2
23/05/2020,FB,0.0,1
23/05/2020,TSLA,0.16770000000000002,2
23/06/2020,AAPL,0.031200000000000006,6
23/06/2020,AMZN,0.0,1
23/06/2020,BA,-0.003839999999999999,5
23/06/2020,FB,0.7269,1
23/06/2020,NKE,0.0,1
23/06/2020,TSLA,0.254775,4
23/06/2020,WMT,0.4588,1
23/07/2020,AAPL,-0.0952,4
23/07/2020,AMZN,0.5859,1
23/07/2020,BA,0.459425,4
23/07/2020,BAC,0.0,1
23/07/2020,DIS,-0.24869999999999998,2
23/07/2020,MSFT,0.17608571428571432,7
23/07/2020,PFE,0.19783333333333333,3
23/07/2020,TSLA,0.18224666666666664,30
23/08/2020,AAPL,0.2718333333333333,6
23/09/2020,AAPL,0.25644375,16
23/09/2020,AMZN,-0.1027,1
23/09/2020,BA,0.01876,5
23/09/2020,NKE,0.4054333333333333,3
23/09/2020,TSLA,0.05073695652173913,92
23/09/2020,WMT,-0.15136666666666668,3
23/09/2020,XOM,0.0,1
23/10/2020,AAPL,-0.042260000000000006,5
23/10/2020,AMZN,-0.6249,1
23/10/2020,BA,0.7849,1
23/10/2020,JNJ,0.7003,1
23/10/2020,KO,-0.0258,1
23/10/2020,MSFT,-0.3818,1
23/10/2020,NFLX,0.0,1
23/10/2020,PFE,-0.128,1
23/10/2020,TSLA,0.1026076923076923,13
23/11/2020,AAPL,-0.05398571428571428,7
23/11/2020,MSFT,0.20095,2
23/11/2020,TSLA,0.2083,3
23/12/2020,AAPL,0.10566666666666667,3
23/12/2020,ABNB,0.1761,1
23/12/2020,AMZN,-0.1779,1
23/12/2020,BA,0.4215,1
23/12/2020,BABA,0.34895,2
23/12/2020,FB,-0.25,1
23/12/2020,HD,0.0,1
23/12/2020,MSFT,0.31845,2
23/12/2020,PFE,0.6249,1
23/12/2020,SBUX,0.0,1
23/12/2020,TSLA,0.20472142857142858,14
24/01/2020,AAPL,0.0,1
24/01/2020,AMZN,0.0,1
24/01/2020,BABA,-0.6697,1
24/01/2020,DIS,0.4588,1
24/01/2020,NFLX,0.6465,2
24/01/2020,SBUX,0.0,1
24/01/2020,TSLA,0.19774285714285714,7
24/02/2020,AAPL,-0.1123,6
24/02/2020,MSFT,0.0,1
24/02/2020,NVDA,-0.6486,1
24/02/2020,TSLA,-0.08776363636363636,11
24/03/2020,AAPL,0.23828333333333332,6
24/03/2020,AMZN,0.27866,5
24/03/2020,BA,0.12879696969696972,33
24/03/2020,BABA,-0.6369,1
24/03/2020,BRK.B,0.0,1
24/03/2020,CCL,0.37392,5
24/03/2020,DIS,0.42206666666666665,3
24/03/2020,FB,-0.4393,2
24/03/2020,HD,0.42610000000000003,2
24/03/2020,MSFT,-0.6715,1
24/03/2020,NFLX,0.0,1
24/03/2020,NKE,0.7506,1
24/03/2020,NVDA,0.27115,2
24/03/2020,TSLA,0.1969896551724138,29
24/04/2020,AAPL,0.17,2
24/04/2020,AMZN,0.7003,1
24/04/2020,BA,-0.05965000000000001,4
24/04/2020,CCL,0.3612,1
24/04/2020,DIS,-0.25,1
24/04/2020,FB,0.0,1
24/04/2020,PYPL,-0.5106,1
24/04/2020,TSLA,0.06342857142857145,7
24/06/2020,AAPL,-0.15634,5
24/06/2020,AMZN,0.4404,1
24/06/2020,BA,0.2802777777777778,9
24/06/2020,BAC,0.0,1
24/06/2020,BRK.B,0.0,1
24/06/2020,CCL,0.1175,2
24/06/2020,DIS,0.26335,2
24/06/2020,FB,0.0,1
24/06/2020,TSLA,0.06989999999999996,2
24/07/2020,AAPL,0.3071,1
24/07/2020,AMZN,0.33785,4
24/07/2020,BA,0.1531,1
24/07/2020,BAC,-0.4404,1
24/07/2020,MSFT,0.0,3
24/07/2020,TSLA,0.1346,36
24/08/2020,AAPL,0.23794666666666667,30
24/08/2020,BA,0.0593,3
24/08/2020,BABA,0.5106,1
24/08/2020,MSFT,0.0,1
24/08/2020,TSLA,-0.18795,2
24/09/2020,AAPL,-0.06754166666666667,12
24/09/2020,AMZN,0.08895,2
24/09/2020,BA,-0.392525,4
24/09/2020,BABA,0.2023,1
24/09/2020,CCL,-0.802,1
24/09/2020,FB,0.0,1
24/09/2020,NKE,0.0,1
24/09/2020,TSLA,0.10081052631578948,38
24/09/2020,XOM,0.3343,1
24/10/2020,FB,-0.9287,1
24/10/2020,MCD,0.3612,1
24/10/2020,MSFT,0.0,1
24/10/2020,TSLA,-0.6597,1
24/11/2020,AAPL,0.09866666666666667,3
24/11/2020,AMZN,-0.6369,1
24/11/2020,BA,0.022974999999999995,4
24/11/2020,CCL,0.4215,1
24/11/2020,DIS,-0.4215,1
24/11/2020,NVDA,-0.34,1
24/11/2020,PFE,-0.5106,1
24/11/2020,PYPL,0.0,1
24/11/2020,TSLA,0.155032,25
24/11/2020,UPS,0.4019,1
24/12/2020,AAPL,-0.128,1
24/12/2020,ABNB,0.507,1
24/12/2020,AMZN,0.0,2
24/12/2020,BABA,0.30567142857142854,14
24/12/2020,GOOG,0.0,1
24/12/2020,HD,0.7184,1
24/12/2020,PFE,0.0,1
24/12/2020,TSLA,0.091175,16
25/01/2020,AAPL,0.4588,1
25/01/2020,BA,0.6406000000000001,2
25/01/2020,DIS,0.0,1
25/01/2020,TSLA,0.36345,2
25/02/2020,AAPL,0.000566666666666669,6
25/02/2020,BABA,0.0,1
25/02/2020,CCL,-0.5574,1
25/02/2020,DIS,0.14051249999999998,8
25/02/2020,GOOG,-0.296,1
25/02/2020,MSFT,0.0,1
25/02/2020,PYPL,-0.3182,1
25/02/2020,TSLA,0.08395,26
25/02/2020,UNH,0.8853,1
25/03/2020,AAPL,0.185475,4
25/03/2020,AMZN,0.5199,2
25/03/2020,BA,0.165090243902439,41
25/03/2020,BABA,0.3612,1
25/03/2020,BAC,0.08808,5
25/03/2020,CCL,0.14091666666666666,6
25/03/2020,DIS,0.27827999999999997,5
25/03/2020,FB,-0.3187,2
25/03/2020,GOOGL,-0.4767,1
25/03/2020,HD,0.7269,1
25/03/2020,KO,0.0,1
25/03/2020,MA,0.5542,1
25/03/2020,MSFT,0.0,1
25/03/2020,NKE,0.4939,1
25/03/2020,NVDA,0.3259666666666667,3
25/03/2020,PYPL,0.0,1
25/03/2020,TSLA,0.018721739130434786,23
25/03/2020,V,-0.6761,1
25/04/2020,BA,0.017699999999999994,2
25/05/2020,AAPL,0.929,1
25/06/2020,AAPL,0.001674999999999996,4
25/06/2020,BA,0.12712500000000002,8
25/06/2020,BABA,0.0,2
25/06/2020,BAC,0.6124,1
25/06/2020,CCL,-0.19487500000000002,4
25/06/2020,DIS,-0.020399999999999995,15
25/06/2020,JNJ,0.0,1
25/06/2020,MA,0.0,1
25/06/2020,NKE,-0.0258,1
25/06/2020,PYPL,0.5859,1
25/06/2020,TSLA,0.06715,8
25/07/2020,AAPL,0.0,1
25/07/2020,MSFT,0.0,1
25/07/2020,TSLA,-0.036599999999999994,2
25/08/2020,AAPL,0.039866666666666675,18
25/08/2020,AMZN,-0.10455,4
25/08/2020,BA,0.037075,4
25/08/2020,FB,0.2446,3
25/08/2020,LOW,-0.2732,1
25/08/2020,MSFT,0.30628,5
25/08/2020,NVDA,0.0,1
25/08/2020,SBUX,0.0,2
25/08/2020,TSLA,0.07430714285714286,28
25/09/2020,AAPL,-0.10530625,16
25/09/2020,AMZN,-0.34,1
25/09/2020,BA,-0.159225,4
25/09/2020,FB,0.0,1
25/09/2020,NKE,0.07332000000000001,5
25/09/2020,PYPL,0.0,1
25/09/2020,TSLA,0.21284117647058823,17
25/10/2020,AAPL,0.296,1
25/11/2020,AAPL,-0.25072,5
25/11/2020,BA,0.16605,2
25/11/2020,BABA,-0.024699999999999982,3
25/11/2020,CCL,0.5267,1
25/11/2020,FB,0.0,1
25/11/2020,MSFT,0.765,1
25/11/2020,NFLX,0.0,1
25/11/2020,PFE,0.1589,3
25/11/2020,TSLA,0.1191047619047619,21
25/11/2020,XOM,0.8126,1
25/12/2020,ABNB,0.2263,1
25/12/2020,BABA,0.0,1
26/02/2020,AAPL,0.04358333333333334,6
26/02/2020,BKNG,-0.8316,1
26/02/2020,BRK.B,-0.5233,1
26/02/2020,CCL,-0.18730000000000002,3
26/02/2020,DIS,0.01795000000000001,6
26/02/2020,FB,-0.6249,1
26/02/2020,MCD,-0.4767,1
26/02/2020,MSFT,-0.410375,4
26/02/2020,NFLX,0.0,1
26/02/2020,NVDA,0.0772,1
26/02/2020,TSLA,-0.03620833333333333,24
26/02/2020,XOM,0.4019,1
26/03/2020,AAPL,0.147775,8
26/03/2020,AMZN,-0.0261,2
26/03/2020,BA,0.16096176470588233,34
26/03/2020,BABA,0.0,2
26/03/2020,BAC,0.0,2
26/03/2020,CCL,0.000800000000000009,8
26/03/2020,DIS,-0.1953,3
26/03/2020,FB,-0.024933333333333346,3
26/03/2020,GOOGL,0.0,1
26/03/2020,HD,-0.3818,1
26/03/2020,MCD,0.0,1
26/03/2020,MSFT,0.3612,1
26/03/2020,NKE,0.5228,1
26/03/2020,NVDA,-0.4019,1
26/03/2020,SBUX,0.69205,2
26/03/2020,TSLA,0.100975,16
26/03/2020,WMT,0.0,1
26/05/2020,AAPL,0.1984,3
26/05/2020,CCL,0.7184,1
26/05/2020,NVDA,0.3612,1
26/06/2020,AAPL,0.59035,2
26/06/2020,AMZN,0.35229999999999995,2
26/06/2020,BA,0.10513750000000001,8
26/06/2020,CCL,0.0,1
26/06/2020,DIS,0.28963333333333335,3
26/06/2020,FB,0.21901428571428574,7
26/06/2020,MSFT,-0.4404,1
26/06/2020,NKE,0.8957,1
26/06/2020,SBUX,0.0,1
26/06/2020,TSLA,0.43785,4
26/07/2020,AAPL,0.0,1
26/08/2020,AAPL,0.2477,3
26/08/2020,AMZN,0.0,1
26/08/2020,BA,0.0,2
26/08/2020,BABA,-0.023850000000000038,2
26/08/2020,BRK.B,0.4404,1
26/08/2020,FB,0.07664,5
26/08/2020,MSFT,0.0,1
26/08/2020,NFLX,0.0,3
26/08/2020,NVDA,0.2023,1
26/08/2020,PFE,0.0,1
26/08/2020,TSLA,0.22095,18
26/08/2020,XOM,0.0,1
26/09/2020,AMZN,0.3975,1
26/09/2020,BA,0.0,1
26/09/2020,TSLA,0.16954999999999998,4
26/10/2020,AAPL,0.2666375,8
26/10/2020,AMZN,0.1779,1
26/11/2020,AMZN,0.2382,1
26/11/2020,CCL,0.4215,1
26/11/2020,PFE,0.128,1
26/11/2020,PYPL,0.4019,1
26/11/2020,TSLA,0.15788000000000002,5
27/01/2020,AAPL,0.12506,5
27/01/2020,BA,0.5789,1
27/01/2020,FB,-0.4019,1
27/01/2020,TSLA,0.2732,1
27/02/2020,AAPL,-0.2584,1
27/02/2020,AMZN,-0.4767,1
27/02/2020,BA,0.7264,1
27/02/2020,BAC,-0.6597,1
27/02/2020,CCL,-0.049800000000000004,2
27/02/2020,DIS,-0.18745,2
27/02/2020,MSFT,0.31175,4
27/02/2020,NFLX,0.1468,3
27/02/2020,NVDA,-0.34,1
27/02/2020,TSLA,0.08604651162790697,43
27/03/2020,AAPL,-0.15515,6
27/03/2020,AMZN,0.04325000000000001,2
27/03/2020,BA,-0.04808095238095237,21
27/03/2020,BABA,0.6249,1
27/03/2020,BRK.B,-0.1386,1
27/03/2020,CCL,0.346025,4
27/03/2020,DIS,0.3996,3
27/03/2020,FB,-0.009800000000000003,2
27/03/2020,GOOG,0.6997,1
27/03/2020,JNJ,-0.296,1
27/03/2020,MA,0.9559,1
27/03/2020,MSFT,0.0,1
27/03/2020,NFLX,0.0,3
27/03/2020,NVDA,0.5719,1
27/03/2020,TSLA,-0.03539285714285714,14
27/03/2020,WMT,0.2933,4
27/04/2020,DIS,0.0,1
27/04/2020,MSFT,0.5965,1
27/04/2020,PFE,0.4168,1
27/04/2020,TSLA,0.18436,5
27/05/2020,AAPL,0.055166666666666676,6
27/05/2020,AMZN,0.20095,2
27/05/2020,BA,0.0,2
27/05/2020,BABA,-0.37734999999999996,2
27/05/2020,BKNG,0.7003,1
27/05/2020,BRK.B,0.0,1
27/05/2020,CCL,0.30413333333333337,3
27/05/2020,FB,-0.2182333333333333,3
27/05/2020,JPM,0.48030000000000006,2
27/05/2020,KO,0.7717,1
27/05/2020,MSFT,0.0,1
27/05/2020,PYPL,0.3818,1
27/05/2020,SBUX,-0.128,1
27/05/2020,TSLA,0.19277499999999997,4
27/06/2020,AAPL,0.0258,1
27/06/2020,BA,-0.7089,1
27/06/2020,FB,0.35333333333333333,3
27/06/2020,TSLA,0.0,1
27/07/2020,AAPL,-0.01739999999999997,2
27/07/2020,BA,0.0,1
27/07/2020,TSLA,-0.12783333333333333,3
27/07/2020,TSM,-0.5267,1
27/08/2020,AAPL,0.18907333333333334,15
27/08/2020,AMZN,0.3612,1
27/08/2020,BA,0.17,2
27/08/2020,BABA,0.0386,2
27/08/2020,BKNG,0.5106,1
27/08/2020,CCL,0.2584,1
27/08/2020,DIS,0.6486,1
27/08/2020,MSFT,0.13548333333333332,6
27/08/2020,NFLX,0.28515,2
27/08/2020,NVDA,0.128,1
27/08/2020,TSLA,0.12626296296296297,27
27/08/2020,V,0.2732,1
27/08/2020,WMT,-0.099675,4
27/09/2020,AAPL,0.0258,1
27/10/2020,AAPL,0.7668,1
27/10/2020,AMZN,0.2202,2
27/10/2020,BA,0.1531,1
27/10/2020,FB,0.4588,1
27/10/2020,MSFT,-0.0444,4
27/10/2020,NFLX,0.5106,1
27/10/2020,PFE,0.0,1
27/10/2020,TSLA,-0.2608,2
27/10/2020,UNH,-0.765,1
27/10/2020,UPS,0.0,1
27/11/2020,AAPL,0.241775,4
27/11/2020,PFE,0.4404,1
27/11/2020,TSLA,0.1346,2
27/12/2020,AAPL,0.6249,1
28/01/2020,AAPL,0.24354615384615386,13
28/01/2020,BA,0.2422666666666667,3
28/01/2020,BABA,0.431725,4
28/01/2020,PFE,0.0,1
28/01/2020,SBUX,0.24695,2
28/01/2020,TSLA,0.06124285714285714,7
28/02/2020,AAPL,0.1302142857142857,7
28/02/2020,AMZN,-0.4019,1
28/02/2020,BA,0.1184,2
28/02/2020,BABA,-0.2732,1
28/02/2020,BKNG,0.0,1
28/02/2020,DIS,0.26008,5
28/02/2020,GOOG,-0.4019,1
28/02/2020,JNJ,0.6124,1
28/02/2020,MCD,0.2263,1
28/02/2020,MSFT,0.5285,2
28/02/2020,NFLX,0.3182,1
28/02/2020,NVDA,-0.06795000000000001,2
28/02/2020,TSLA,0.06315609756097561,41
28/02/2020,V,0.6124,1
28/02/2020,XOM,0.7269,1
28/03/2020,AAPL,0.3818,1
28/03/2020,BA,0.148,2
28/03/2020,MSFT,-0.4164,1
28/03/2020,TSLA,-0.54435,2
28/04/2020,AMZN,0.5574,1
28/04/2020,BA,0.033822222222222226,9
28/04/2020,CCL,-0.2732,1
28/04/2020,DIS,0.0183,2
28/04/2020,FB,0.6369,1
28/04/2020,GOOG,0.09435000000000002,2
28/04/2020,GOOGL,-0.21005,2
28/04/2020,MSFT,-0.4406666666666667,3
28/04/2020,NFLX,0.2597,4
28/04/2020,NVDA,0.0,1
28/04/2020,PG,-0.3182,1
28/04/2020,TSLA,0.09866666666666667,3
28/04/2020,UPS,0.3612,1
28/05/2020,BA,0.0,3
28/05/2020,BABA,0.2648,1
28/05/2020,CCL,0.0,2
28/05/2020,DIS,0.10285,2
28/05/2020,FB,-0.2177,1
28/05/2020,JNJ,0.6808,1
28/05/2020,JPM,0.2924,1
28/05/2020,NVDA,0.5994,1
28/05/2020,TSLA,-0.09594,5
28/07/2020,AAPL,0.1953,3
28/07/2020,AMZN,0.7096,1
28/07/2020,BA,0.8402,1
28/07/2020,FB,0.0,1
28/07/2020,MSFT,0.0,2
28/07/2020,NFLX,0.4588,1
28/07/2020,SBUX,0.11315,2
28/07/2020,TSLA,0.06040000000000001,12
28/07/2020,TSM,-0.34,1
28/07/2020,WMT,-0.128,1
28/08/2020,AAPL,0.17238333333333333,6
28/08/2020,BA,0.137625,4
28/08/2020,CCL,0.0,1
28/08/2020,DIS,0.119175,4
28/08/2020,FB,-0.07655,2
28/08/2020,JPM,0.0,1
28/08/2020,MSFT,-0.01836666666666668,3
28/08/2020,NFLX,0.7351,1
28/08/2020,PFE,-0.296,1
28/08/2020,TSLA,0.06271578947368421,38
28/08/2020,WMT,0.21731666666666669,6
28/09/2020,AAPL,0.24162,10
28/09/2020,NFLX,0.0,1
28/09/2020,TSLA,0.0,1
28/10/2020,AAPL,0.1251,7
28/10/2020,AMZN,-0.4435,1
28/10/2020,BA,-0.14472000000000002,5
28/10/2020,MA,0.0,1
28/10/2020,MSFT,0.41355,2
28/10/2020,TSLA,0.24985999999999997,5
28/10/2020,UPS,0.0,3
28/11/2020,BAC,-0.5423,1
28/12/2020,AAPL,0.28885,2
28/12/2020,ABNB,-0.5267,1
28/12/2020,BABA,0.0,2
29/01/2020,AAPL,0.2241142857142857,7
29/01/2020,AMZN,0.0,1
29/01/2020,BA,-0.05710909090909091,11
29/01/2020,BABA,0.3612,1
29/01/2020,CVX,0.0,1
29/01/2020,FB,0.35486666666666666,3
29/01/2020,MSFT,0.16444,5
29/01/2020,TSLA,0.13714444444444443,18
29/01/2020,V,-0.7783,1
29/02/2020,AAPL,0.5973,1
29/02/2020,MCD,0.6124,1
29/02/2020,MSFT,-0.25,1
29/02/2020,TSLA,0.0,1
29/03/2020,AAPL,-0.1413333333333333,3
29/04/2020,AAPL,0.0,1
29/04/2020,AMZN,-0.14045,2
29/04/2020,BA,0.1355888888888889,9
29/04/2020,BABA,0.4404,1
29/04/2020,CCL,0.08815,2
29/04/2020,DIS,0.37964000000000003,5
29/04/2020,FB,0.0903,8
29/04/2020,KO,-0.5994,1
29/04/2020,MSFT,0.2108,3
29/04/2020,NFLX,0.34030000000000005,3
29/04/2020,PG,-0.2732,1
29/04/2020,SBUX,0.4215,1
29/04/2020,TSLA,0.16446756756756759,37
29/05/2020,BA,0.0772,1
29/05/2020,BABA,-0.11575,2
29/05/2020,CCL,0.20095,2
29/05/2020,DIS,0.8481,1
29/05/2020,FB,0.8779,1
29/05/2020,JPM,0.0516,1
29/05/2020,NFLX,0.3612,1
29/05/2020,PYPL,0.8074,1
29/05/2020,TSLA,-0.24165999999999999,5
29/05/2020,WMT,-0.6249,1
29/06/2020,AAPL,0.09759999999999999,2
29/06/2020,BA,0.0,2
29/06/2020,FB,0.4404,1
29/06/2020,TSLA,-0.1591,2
29/07/2020,AAPL,0.015149999999999997,2
29/07/2020,AMZN,0.22336666666666663,3
29/07/2020,BA,0.26975,6
29/07/2020,MSFT,0.8807,1
29/07/2020,PFE,0.0,2
29/07/2020,PYPL,0.5106,1
29/07/2020,SBUX,0.0,1
29/07/2020,TSLA,0.3230454545454546,11
29/08/2020,AAPL,0.5950500000000001,2
29/08/2020,MSFT,-0.8744,1
29/08/2020,TSLA,0.2145,4
29/09/2020,AAPL,0.05610000000000002,5
29/09/2020,BA,-0.025066666666666664,6
29/09/2020,FB,0.0,1
29/09/2020,TSLA,0.20728333333333335,12
29/10/2020,AAPL,0.17036,25
29/10/2020,AMZN,-0.043399999999999994,3
29/10/2020,BA,0.0386,2
29/10/2020,CCL,0.8316,1
29/10/2020,FB,-0.1779,1
29/10/2020,NFLX,-0.22409999999999997,5
29/10/2020,TSLA,-0.24042,5
29/10/2020,XOM,-0.5257499999999999,2
29/11/2020,AAPL,0.6597,1
29/12/2020,AAPL,0.0,2
29/12/2020,ABNB,0.296,1
29/12/2020,AMZN,-0.029549999999999993,4
29/12/2020,BA,-0.06476666666666668,3
29/12/2020,BABA,0.29657692307692307,13
29/12/2020,HD,0.5859,1
29/12/2020,MCD,0.6249,1
29/12/2020,MSFT,0.1779,1
29/12/2020,PFE,0.0,1
29/12/2020,TSLA,0.18225,10
29/12/2020,V,0.1531,1
30/01/2020,AAPL,-0.33525,2
30/01/2020,AMZN,0.49127647058823526,17
30/01/2020,BA,-0.5267,1
30/01/2020,BABA,-0.48350000000000004,2
30/01/2020,DIS,-0.03007499999999999,4
30/01/2020,FB,0.47645000000000004,2
30/01/2020,MSFT,0.34003333333333335,6
30/01/2020,PYPL,0.0,1
30/01/2020,SBUX,-0.1027,1
30/01/2020,TSLA,0.3258058823529412,17
30/01/2020,V,0.36819999999999997,2
30/03/2020,AAPL,-0.0178,6
30/03/2020,BA,0.332,2
30/03/2020,JNJ,0.0,1
30/03/2020,NFLX,-0.4404,1
30/03/2020,NVDA,0.0,1
30/03/2020,SBUX,0.3612,1
30/03/2020,TSLA,-0.12685,2
30/04/2020,AAPL,0.27814,5
30/04/2020,AMZN,0.23295,6
30/04/2020,BA,-0.26295,4
30/04/2020,BABA,-0.7274,1
30/04/2020,CCL,0.6223000000000001,2
30/04/2020,DIS,-0.8572,1
30/04/2020,FB,0.26720000000000005,3
30/04/2020,MSFT,0.0022000000000000114,7
30/04/2020,NFLX,0.4404,1
30/04/2020,NVDA,0.0,1
30/04/2020,PFE,0.3612,1
30/04/2020,TSLA,0.10571428571428572,14
30/05/2020,AAPL,0.5994,1
30/05/2020,TSLA,0.388725,8
30/06/2020,AAPL,0.13816,5
30/06/2020,AMZN,0.3182,1
30/06/2020,BA,0.07153333333333332,12
30/06/2020,CCL,0.5106,1
30/06/2020,FB,-0.10606666666666666,3
30/06/2020,JPM,0.4878,1
30/06/2020,TSLA,0.08993999999999999,10
30/07/2020,AAPL,0.33211,20
30/07/2020,AMZN,0.16503888888888887,18
30/07/2020,BA,0.22477999999999998,5
30/07/2020,DIS,0.0,1
30/07/2020,FB,-0.3612,1
30/07/2020,GOOGL,-0.1779,1
30/07/2020,MSFT,0.3454,2
30/07/2020,TSLA,0.05172000000000001,10
30/07/2020,UPS,0.4484666666666666,3
30/08/2020,AAPL,0.35694,5
30/09/2020,AAPL,-0.09682857142857142,7
30/09/2020,AMZN,-0.40085000000000004,2
30/09/2020,BA,0.305775,4
30/09/2020,BABA,0.0,2
30/09/2020,DIS,0.4404,1
30/09/2020,FB,0.5719,1
30/09/2020,HD,0.4019,1
30/09/2020,NVDA,0.0,2
30/09/2020,TSLA,0.1723357142857143,14
30/09/2020,WMT,0.1816,2
30/09/2020,XOM,0.4939,1
30/10/2020,AAPL,-0.08874545454545456,11
30/10/2020,AMZN,0.31245,2
30/10/2020,BA,0.2195,4
30/10/2020,CCL,0.321375,4
30/10/2020,FB,0.24127500000000002,4
30/10/2020,TSLA,0.212375,4
30/11/2020,AAPL,0.23781249999999998,8
30/11/2020,BA,0.765,1
30/11/2020,TSLA,-0.04388571428571429,7
30/11/2020,UPS,0.4215,1
30/12/2020,AAPL,0.0,1
30/12/2020,AMZN,0.0,1
30/12/2020,BABA,0.07222857142857142,7
30/12/2020,DIS,-0.19558,5
30/12/2020,FB,0.0,2
30/12/2020,JNJ,0.0,1
30/12/2020,NVDA,0.3612,1
30/12/2020,PFE,0.0,2
30/12/2020,TSLA,0.13555714285714285,14
30/12/2020,WMT,0.0,1
31/01/2020,AAPL,0.2057166666666667,6
31/01/2020,AMZN,0.18806666666666666,9
31/01/2020,BABA,-0.6145,2
31/01/2020,DIS,0.0,2
31/01/2020,FB,0.3011333333333333,3
31/01/2020,JPM,-0.1459,1
31/01/2020,MCD,0.0,2
31/01/2020,MSFT,0.29295,2
31/01/2020,NFLX,-0.3612,1
31/01/2020,TSLA,0.18785000000000002,10
31/01/2020,V,0.8555,1
31/01/2020,XOM,0.0,1
31/03/2020,AAPL,0.09833333333333334,3
31/03/2020,AMZN,0.3602,3
31/03/2020,BA,-0.0015888888888888927,9
31/03/2020,BABA,0.18745,2
31/03/2020,BAC,0.1591,2
31/03/2020,BKNG,-0.5994,1
31/03/2020,CCL,0.035655555555555545,9
31/03/2020,DIS,0.49878,5
31/03/2020,JNJ,0.4172666666666667,3
31/03/2020,MSFT,0.1953,3
31/03/2020,NFLX,0.0,1
31/03/2020,NVDA,0.44794999999999996,2
31/03/2020,PYPL,0.0,1
31/03/2020,SBUX,0.7506,1
31/03/2020,TSLA,0.026472727272727273,11
31/03/2020,UPS,0.0,1
31/03/2020,WMT,-0.1451,1
31/03/2020,XOM,0.33485,2
31/07/2020,AAPL,0.3032105263157895,19
31/07/2020,AMZN,0.4016333333333333,6
31/07/2020,BA,-0.1858,3
31/07/2020,BKNG,0.0,1
31/07/2020,CCL,-0.1366,2
31/07/2020,FB,0.09505,2
31/07/2020,GOOGL,0.02260000000000001,2
31/07/2020,MSFT,-0.14049999999999999,3
31/07/2020,PFE,0.0,1
31/07/2020,PYPL,0.0,1
31/07/2020,TSLA,0.15599000000000002,10
31/08/2020,AAPL,0.08370645161290323,31
31/08/2020,NVDA,0.0,1
31/08/2020,TSLA,0.1879913043478261,23
31/10/2020,AAPL,0.22340000000000002,2
31/10/2020,TSLA,0.0,1
31/12/2020,AAPL,0.07616666666666666,3
31/12/2020,ABNB,-0.1366,2
31/12/2020,AMZN,0.5719,1
31/12/2020,BA,0.0,1
31/12/2020,BABA,0.49274999999999997,2
31/12/2020,CCL,0.0,1
31/12/2020,FB,0.5994,1
31/12/2020,HD,0.6249,1
31/12/2020,JNJ,0.0,1
31/12/2020,MSFT,0.6597,1
31/12/2020,NVDA,-0.2787,2
31/12/2020,PFE,0.113,2
31/12/2020,TSLA,0.18313913043478258,23
